episode,color_idx,shape_idx,size_idx,success,token_0,token_1,token_2
0,0,0,1,1,3,6,1
1,1,2,1,1,3,6,6
2,0,0,0,1,4,5,9
3,2,2,1,1,3,6,6
4,0,2,0,0,3,5,0
5,1,2,1,0,3,6,6
6,1,1,1,1,3,6,8
7,0,2,1,0,3,6,6
8,0,0,1,1,3,6,1
9,2,0,0,0,4,5,9
10,1,1,0,1,4,5,0
11,2,2,1,1,3,6,6
12,2,1,1,1,3,6,8
13,2,1,1,1,3,6,8
14,1,0,0,1,4,5,9
15,0,1,0,1,4,5,0
16,0,0,1,0,3,6,1
17,1,2,0,1,3,5,0
18,0,0,0,0,4,5,9
19,2,1,0,1,4,5,0
20,0,1,1,1,3,6,8
21,2,0,0,1,4,5,9
22,1,2,1,1,3,6,6
23,2,2,0,0,3,5,0
24,0,1,0,1,4,5,0
25,1,0,0,1,4,5,9
26,1,1,0,1,4,5,0
27,1,0,0,1,4,5,9
28,0,1,0,0,4,5,0
29,0,1,1,1,3,6,8
30,1,1,0,1,4,5,0
31,0,2,0,0,3,5,0
32,1,1,1,1,3,6,8
33,1,2,0,1,3,5,0
34,2,2,0,1,3,5,0
35,1,1,0,1,4,5,0
36,0,0,1,1,3,6,1
37,2,0,1,1,3,6,1
38,1,1,1,1,3,6,8
39,2,2,0,1,3,5,0
40,2,0,0,1,4,5,9
41,0,0,0,1,4,5,9
42,1,0,0,1,4,5,9
43,2,1,0,1,4,5,0
44,0,1,1,1,3,6,8
45,1,0,1,0,3,6,1
46,2,2,0,0,3,5,0
47,0,0,0,0,4,5,9
48,2,0,1,0,3,6,1
49,1,0,0,0,4,5,9
50,0,0,1,1,3,6,1
51,2,2,0,1,3,5,0
52,1,2,1,0,3,6,6
53,1,1,1,1,3,6,8
54,2,2,0,1,3,5,0
55,1,2,1,1,3,6,6
56,0,2,1,1,3,6,6
57,1,1,0,1,4,5,0
58,1,1,1,1,3,6,8
59,2,2,0,1,3,5,0
60,1,0,0,1,4,5,9
61,2,1,1,1,3,6,8
62,0,1,1,0,3,6,8
63,1,2,0,0,3,5,0
64,0,1,1,1,3,6,8
65,2,2,0,0,3,5,0
66,0,0,0,0,4,5,9
67,0,0,0,1,4,5,9
68,2,1,1,1,3,6,8
69,1,1,1,1,3,6,8
70,2,1,0,1,4,5,0
71,0,0,0,0,4,5,9
72,1,1,1,1,3,6,8
73,2,2,1,1,3,6,6
74,2,0,1,1,3,6,1
75,0,0,1,1,3,6,1
76,1,1,0,1,4,5,0
77,0,0,1,0,3,6,1
78,0,1,1,1,3,6,8
79,1,1,1,1,3,6,8
80,0,1,1,1,3,6,8
81,0,1,0,1,4,5,0
82,1,1,1,0,3,6,8
83,2,0,0,1,4,5,9
84,1,1,0,1,4,5,0
85,0,2,0,1,3,5,0
86,1,0,0,1,4,5,9
87,2,0,1,1,3,6,1
88,0,2,1,1,3,6,6
89,0,1,1,1,3,6,8
90,2,1,1,1,3,6,8
91,0,2,1,1,3,6,6
92,1,0,1,0,3,6,1
93,0,0,1,1,3,6,1
94,0,2,1,1,3,6,6
95,1,0,0,1,4,5,9
96,2,1,0,0,4,5,0
97,2,2,1,1,3,6,6
98,0,2,0,0,3,5,0
99,2,0,1,0,3,6,1
100,0,2,0,1,3,5,0
101,0,1,0,0,4,5,0
102,2,1,0,1,4,5,0
103,0,0,1,1,3,6,1
104,0,2,0,1,3,5,0
105,2,2,1,1,3,6,6
106,1,2,0,1,3,5,0
107,1,1,1,1,3,6,8
108,1,2,1,1,3,6,6
109,0,1,1,1,3,6,8
110,0,1,1,1,3,6,8
111,0,2,1,0,3,6,6
112,1,0,0,1,4,5,9
113,0,1,0,1,4,5,0
114,0,2,1,0,3,6,6
115,2,2,0,0,3,5,0
116,1,2,0,1,3,5,0
117,0,2,0,1,3,5,0
118,0,2,1,0,3,6,6
119,0,2,1,0,3,6,6
120,1,0,1,0,3,6,1
121,2,2,1,1,3,6,6
122,2,0,1,1,3,6,1
123,2,1,0,1,4,5,0
124,0,1,1,1,3,6,8
125,0,0,0,0,4,5,9
126,2,0,0,1,4,5,9
127,2,1,0,0,4,5,0
128,1,2,0,1,3,5,0
129,2,2,0,1,3,5,0
130,2,1,1,1,3,6,8
131,1,1,0,1,4,5,0
132,0,0,1,1,3,6,1
133,1,1,0,1,4,5,0
134,1,2,1,1,3,6,6
135,0,0,0,0,4,5,9
136,2,0,1,1,3,6,1
137,0,0,1,1,3,6,1
138,0,1,1,0,3,6,8
139,2,0,1,1,3,6,1
140,2,1,0,1,4,5,0
141,1,2,0,1,3,5,0
142,2,0,0,0,4,5,9
143,2,0,1,1,3,6,1
144,2,2,1,0,3,6,6
145,1,2,1,1,3,6,6
146,1,1,1,1,3,6,8
147,1,1,1,0,3,6,8
148,0,0,1,1,3,6,1
149,0,1,1,0,3,6,8
150,0,1,1,1,3,6,8
151,1,2,0,1,3,5,0
152,1,1,1,1,3,6,8
153,1,2,0,1,3,5,0
154,2,2,1,1,3,6,6
155,1,2,1,1,3,6,6
156,2,0,1,1,3,6,1
157,0,1,0,1,4,5,0
158,1,0,1,1,3,6,1
159,2,1,1,1,3,6,8
160,1,0,0,1,4,5,9
161,1,0,1,1,3,6,1
162,2,1,1,1,3,6,8
163,2,2,0,1,3,5,0
164,1,2,1,1,3,6,6
165,2,1,1,1,3,6,8
166,2,2,1,0,3,6,6
167,0,0,0,0,4,5,9
168,1,2,0,1,3,5,0
169,0,1,0,1,4,5,0
170,2,1,0,1,4,5,0
171,2,0,0,0,4,5,9
172,1,2,1,1,3,6,6
173,0,2,0,1,3,5,0
174,1,1,1,0,3,6,8
175,0,1,0,1,4,5,0
176,0,1,0,1,4,5,0
177,2,1,0,1,4,5,0
178,1,2,1,1,3,6,6
179,2,2,0,1,3,5,0
180,2,0,1,1,3,6,1
181,2,1,0,0,4,5,0
182,0,0,1,0,3,6,1
183,1,1,0,1,4,5,0
184,2,2,1,1,3,6,6
185,2,1,1,1,3,6,8
186,2,2,1,0,3,6,6
187,0,0,1,0,3,6,1
188,2,0,0,0,4,5,9
189,1,1,0,1,4,5,0
190,2,2,0,0,3,5,0
191,2,0,1,1,3,6,1
192,2,2,0,0,3,5,0
193,0,0,1,1,3,6,1
194,0,0,1,1,3,6,1
195,2,1,1,1,3,6,8
196,1,1,0,1,4,5,0
197,2,0,1,1,3,6,1
198,1,2,0,1,3,5,0
199,2,1,0,0,4,5,0
200,2,0,1,1,3,6,1
201,2,2,1,1,3,6,6
202,0,0,0,1,4,5,9
203,2,0,1,0,3,6,1
204,1,1,1,1,3,6,8
205,0,2,0,1,3,5,0
206,2,2,1,1,3,6,6
207,0,2,1,1,3,6,6
208,2,1,0,0,4,5,0
209,0,2,1,1,3,6,6
210,0,0,1,0,3,6,1
211,0,0,0,1,4,5,9
212,1,1,0,1,4,5,0
213,2,2,1,0,3,6,6
214,0,0,1,1,3,6,1
215,2,2,1,1,3,6,6
216,1,1,1,1,3,6,8
217,1,1,0,1,4,5,0
218,2,0,0,1,4,5,9
219,0,1,0,0,4,5,0
220,0,0,1,1,3,6,1
221,2,1,1,1,3,6,8
222,1,0,0,1,4,5,9
223,0,1,0,0,4,5,0
224,2,2,0,1,3,5,0
225,2,2,1,1,3,6,6
226,0,0,0,0,4,5,9
227,2,2,0,1,3,5,0
228,2,1,0,1,4,5,0
229,0,0,0,1,4,5,9
230,1,2,1,1,3,6,6
231,2,1,1,1,3,6,8
232,0,1,0,1,4,5,0
233,1,0,1,0,3,6,1
234,0,2,0,1,3,5,0
235,0,2,0,1,3,5,0
236,2,2,0,1,3,5,0
237,0,0,1,1,3,6,1
238,0,0,1,1,3,6,1
239,1,2,1,1,3,6,6
240,2,2,0,1,3,5,0
241,1,1,0,1,4,5,0
242,2,2,0,0,3,5,0
243,1,2,0,1,3,5,0
244,2,2,0,0,3,5,0
245,1,0,0,1,4,5,9
246,2,0,0,1,4,5,9
247,2,1,1,1,3,6,8
248,2,1,1,1,3,6,8
249,0,2,1,0,3,6,6
250,0,1,0,0,4,5,0
251,1,2,0,1,3,5,0
252,0,2,1,1,3,6,6
253,0,2,1,1,3,6,6
254,0,0,0,1,4,5,9
255,1,2,1,1,3,6,6
256,1,1,0,1,4,5,0
257,1,0,1,1,3,6,1
258,1,2,0,1,3,5,0
259,1,1,0,1,4,5,0
260,0,2,1,0,3,6,6
261,1,2,0,1,3,5,0
262,2,0,0,0,4,5,9
263,0,1,0,1,4,5,0
264,1,0,0,1,4,5,9
265,2,2,1,0,3,6,6
266,2,1,1,1,3,6,8
267,2,2,1,1,3,6,6
268,2,1,1,1,3,6,8
269,1,1,0,1,4,5,0
270,2,2,1,0,3,6,6
271,0,2,0,0,3,5,0
272,1,1,1,1,3,6,8
273,0,2,0,0,3,5,0
274,0,2,1,1,3,6,6
275,0,1,1,1,3,6,8
276,1,2,0,1,3,5,0
277,2,2,0,1,3,5,0
278,1,0,1,0,3,6,1
279,2,0,0,0,4,5,9
280,1,0,1,1,3,6,1
281,2,0,0,1,4,5,9
282,0,1,1,1,3,6,8
283,2,1,0,0,4,5,0
284,1,2,1,1,3,6,6
285,0,2,1,1,3,6,6
286,0,2,0,1,3,5,0
287,2,0,0,0,4,5,9
288,1,2,0,1,3,5,0
289,2,2,0,0,3,5,0
290,2,0,1,1,3,6,1
291,0,2,0,0,3,5,0
292,0,2,1,1,3,6,6
293,2,1,0,0,4,5,0
294,1,0,1,0,3,6,1
295,0,2,1,1,3,6,6
296,1,0,0,1,4,5,9
297,1,2,1,0,3,6,6
298,0,2,1,0,3,6,6
299,2,1,0,1,4,5,0
300,0,1,0,0,4,5,0
301,0,2,1,1,3,6,6
302,1,0,1,0,3,6,1
303,2,1,1,1,3,6,8
304,2,0,0,1,4,5,9
305,2,2,0,1,3,5,0
306,2,1,1,1,3,6,8
307,0,0,1,0,3,6,1
308,2,2,0,1,3,5,0
309,1,0,0,1,4,5,9
310,0,0,1,1,3,6,1
311,1,2,0,1,3,5,0
312,0,1,1,1,3,6,8
313,0,1,1,0,3,6,8
314,0,0,0,1,4,5,9
315,0,0,1,1,3,6,1
316,2,2,0,0,3,5,0
317,0,0,1,0,3,6,1
318,0,1,0,0,4,5,0
319,0,1,1,0,3,6,8
320,1,0,1,1,3,6,1
321,1,2,0,1,3,5,0
322,1,0,1,1,3,6,1
323,2,1,1,1,3,6,8
324,1,1,0,1,4,5,0
325,0,0,0,0,4,5,9
326,2,0,1,1,3,6,1
327,0,0,0,0,4,5,9
328,1,0,1,0,3,6,1
329,2,0,0,1,4,5,9
330,1,1,0,1,4,5,0
331,1,2,0,1,3,5,0
332,2,0,0,0,4,5,9
333,1,2,0,1,3,5,0
334,2,2,1,1,3,6,6
335,1,1,1,0,3,6,8
336,2,1,0,1,4,5,0
337,2,0,1,1,3,6,1
338,1,2,1,0,3,6,6
339,1,2,1,0,3,6,6
340,0,0,1,1,3,6,1
341,1,1,0,0,4,5,0
342,1,1,1,0,3,6,8
343,0,0,1,0,3,6,1
344,2,1,0,0,4,5,0
345,1,2,1,1,3,6,6
346,1,0,1,0,3,6,1
347,0,2,1,0,3,6,6
348,2,1,1,1,3,6,8
349,2,0,1,1,3,6,1
350,1,2,0,1,3,5,0
351,2,0,1,0,3,6,1
352,2,0,0,1,4,5,9
353,1,0,1,1,3,6,1
354,1,2,0,1,3,5,0
355,2,1,0,1,4,5,0
356,0,0,0,1,4,5,9
357,1,0,1,1,3,6,1
358,0,1,1,1,3,6,8
359,1,0,1,1,3,6,1
360,0,2,0,1,3,5,0
361,0,1,0,1,4,5,0
362,0,1,1,0,3,6,8
363,0,1,0,1,4,5,0
364,1,0,0,1,4,5,9
365,1,2,1,1,3,6,6
366,1,0,1,0,3,6,1
367,1,1,0,1,4,5,0
368,1,2,0,1,3,5,0
369,1,1,1,1,3,6,8
370,2,2,0,0,3,5,0
371,1,1,0,1,4,5,0
372,0,0,0,0,4,5,9
373,0,0,0,0,4,5,9
374,1,0,0,1,4,5,9
375,2,1,1,1,3,6,8
376,2,2,0,0,3,5,0
377,0,2,0,1,3,5,0
378,0,2,1,1,3,6,6
379,2,0,1,1,3,6,1
380,2,2,1,1,3,6,6
381,1,2,1,1,3,6,6
382,1,0,1,1,3,6,1
383,2,2,1,0,3,6,6
384,2,1,0,1,4,5,0
385,2,2,0,1,3,5,0
386,1,1,0,0,4,5,0
387,1,2,1,1,3,6,6
388,2,0,1,1,3,6,1
389,1,2,1,1,3,6,6
390,1,2,1,1,3,6,6
391,1,1,0,1,4,5,0
392,0,2,0,1,3,5,0
393,1,1,0,1,4,5,0
394,1,2,1,1,3,6,6
395,0,2,1,0,3,6,6
396,0,0,1,0,3,6,1
397,2,2,1,1,3,6,6
398,1,0,0,1,4,5,9
399,0,1,1,1,3,6,8
400,0,2,1,1,3,6,6
401,0,2,0,0,3,5,0
402,1,0,1,0,3,6,1
403,1,0,1,1,3,6,1
404,0,0,1,0,3,6,1
405,2,1,1,0,3,6,8
406,2,2,1,1,3,6,6
407,0,2,0,1,3,5,0
408,2,2,0,1,3,5,0
409,0,0,1,1,3,6,1
410,0,2,1,1,3,6,6
411,2,1,0,0,4,5,0
412,1,1,1,0,3,6,8
413,2,1,1,1,3,6,8
414,1,2,0,1,3,5,0
415,1,1,1,1,3,6,8
416,2,2,1,0,3,6,6
417,2,1,1,1,3,6,8
418,2,0,1,1,3,6,1
419,0,0,0,0,4,5,9
420,1,1,0,0,4,5,0
421,2,2,0,1,3,5,0
422,2,0,0,1,4,5,9
423,2,1,1,1,3,6,8
424,2,1,0,0,4,5,0
425,0,1,1,0,3,6,8
426,0,1,1,1,3,6,8
427,2,1,0,1,4,5,0
428,0,0,0,0,4,5,9
429,2,1,1,1,3,6,8
430,2,1,0,1,4,5,0
431,0,2,0,1,3,5,0
432,1,2,1,1,3,6,6
433,1,2,1,1,3,6,6
434,1,1,1,0,3,6,8
435,2,1,1,0,3,6,8
436,2,2,1,1,3,6,6
437,2,1,0,1,4,5,0
438,0,1,1,1,3,6,8
439,1,0,1,1,3,6,1
440,1,1,0,1,4,5,0
441,2,2,0,1,3,5,0
442,1,2,0,0,3,5,0
443,2,2,1,0,3,6,6
444,2,1,1,1,3,6,8
445,0,1,0,1,4,5,0
446,0,1,1,1,3,6,8
447,0,1,1,0,3,6,8
448,1,1,0,1,4,5,0
449,2,1,1,0,3,6,8
450,2,1,1,1,3,6,8
451,1,1,1,0,3,6,8
452,2,2,1,1,3,6,6
453,2,0,0,0,4,5,9
454,2,0,1,1,3,6,1
455,2,1,0,1,4,5,0
456,2,0,0,1,4,5,9
457,2,0,0,0,4,5,9
458,0,2,1,1,3,6,6
459,0,2,0,0,3,5,0
460,2,2,0,1,3,5,0
461,2,0,0,1,4,5,9
462,0,1,1,1,3,6,8
463,0,0,0,1,4,5,9
464,1,2,0,1,3,5,0
465,1,0,1,0,3,6,1
466,2,1,1,1,3,6,8
467,2,1,1,1,3,6,8
468,0,2,0,1,3,5,0
469,0,2,1,0,3,6,6
470,2,0,0,0,4,5,9
471,0,2,1,1,3,6,6
472,2,2,0,1,3,5,0
473,0,0,0,1,4,5,9
474,1,2,1,1,3,6,6
475,0,0,0,0,4,5,9
476,1,0,1,0,3,6,1
477,0,1,0,0,4,5,0
478,2,2,0,1,3,5,0
479,1,2,1,1,3,6,6
480,1,1,1,1,3,6,8
481,0,2,1,0,3,6,6
482,0,1,1,0,3,6,8
483,0,2,0,1,3,5,0
484,1,0,0,1,4,5,9
485,0,1,0,0,4,5,0
486,2,1,0,0,4,5,0
487,2,1,0,1,4,5,0
488,0,0,0,1,4,5,9
489,0,2,1,0,3,6,6
490,0,0,1,1,3,6,1
491,1,1,1,1,3,6,8
492,1,0,1,1,3,6,1
493,0,1,1,1,3,6,8
494,1,2,1,1,3,6,6
495,0,2,1,0,3,6,6
496,0,0,1,0,3,6,1
497,1,0,0,1,4,5,9
498,2,1,1,1,3,6,8
499,0,0,0,1,4,5,9
500,1,1,0,0,4,5,0
501,2,2,0,0,3,5,0
502,1,0,0,1,4,5,9
503,0,0,1,0,3,6,1
504,2,2,1,0,3,6,6
505,0,2,0,0,3,5,0
506,0,0,0,0,4,5,9
507,2,2,0,1,3,5,0
508,0,1,1,0,3,6,8
509,1,0,1,1,3,6,1
510,1,1,0,1,4,5,0
511,0,2,1,1,3,6,6
512,2,0,0,0,4,5,9
513,2,1,1,1,3,6,8
514,0,2,1,1,3,6,6
515,1,1,1,1,3,6,8
516,2,0,0,1,4,5,9
517,1,2,0,1,3,5,0
518,1,1,1,1,3,6,8
519,1,2,1,1,3,6,6
520,1,2,0,1,3,5,0
521,0,2,1,1,3,6,6
522,0,0,0,1,4,5,9
523,2,0,0,1,4,5,9
524,1,2,1,1,3,6,6
525,0,1,0,0,4,5,0
526,0,1,0,0,4,5,0
527,0,2,1,1,3,6,6
528,1,0,0,1,4,5,9
529,0,1,0,0,4,5,0
530,1,2,0,1,3,5,0
531,0,0,1,0,3,6,1
532,1,1,0,1,4,5,0
533,0,2,1,1,3,6,6
534,1,2,0,1,3,5,0
535,1,1,0,1,4,5,0
536,2,0,1,1,3,6,1
537,2,1,1,1,3,6,8
538,1,1,1,1,3,6,8
539,2,1,0,0,4,5,0
540,1,1,0,1,4,5,0
541,0,0,1,1,3,6,1
542,1,2,1,1,3,6,6
543,0,1,0,0,4,5,0
544,2,1,1,1,3,6,8
545,2,2,0,1,3,5,0
546,0,2,1,1,3,6,6
547,0,2,0,0,3,5,0
548,1,1,0,1,4,5,0
549,2,0,0,1,4,5,9
550,0,2,0,1,3,5,0
551,2,2,0,1,3,5,0
552,2,0,0,1,4,5,9
553,2,0,1,0,3,6,1
554,0,2,0,1,3,5,0
555,2,0,1,1,3,6,1
556,0,1,1,0,3,6,8
557,0,1,1,0,3,6,8
558,2,0,0,0,4,5,9
559,1,2,0,1,3,5,0
560,0,0,1,0,3,6,1
561,0,0,0,0,4,5,9
562,1,0,0,1,4,5,9
563,2,1,0,1,4,5,0
564,1,0,1,1,3,6,1
565,2,2,0,1,3,5,0
566,1,2,1,1,3,6,6
567,2,0,1,1,3,6,1
568,0,1,0,0,4,5,0
569,0,0,0,1,4,5,9
570,2,2,0,1,3,5,0
571,0,1,1,1,3,6,8
572,1,0,1,0,3,6,1
573,2,1,1,1,3,6,8
574,0,2,0,1,3,5,0
575,2,1,0,0,4,5,0
576,1,0,1,0,3,6,1
577,2,1,0,0,4,5,0
578,0,1,1,0,3,6,8
579,1,1,0,0,4,5,0
580,1,0,1,0,3,6,1
581,2,1,1,1,3,6,8
582,2,0,0,0,4,5,9
583,2,1,0,0,4,5,0
584,0,0,1,1,3,6,1
585,1,2,0,1,3,5,0
586,2,2,1,0,3,6,6
587,0,2,0,1,3,5,0
588,1,0,1,0,3,6,1
589,2,2,0,1,3,5,0
590,1,0,0,1,4,5,9
591,0,1,1,1,3,6,8
592,0,1,0,0,4,5,0
593,2,2,0,1,3,5,0
594,2,2,0,1,3,5,0
595,1,2,0,1,3,5,0
596,1,0,0,1,4,5,9
597,1,2,1,0,3,6,6
598,1,0,0,1,4,5,9
599,2,0,0,0,4,5,9
600,0,0,0,0,4,5,9
601,0,1,1,1,3,6,8
602,1,2,1,1,3,6,6
603,2,2,1,1,3,6,6
604,2,0,0,1,4,5,9
605,0,0,0,0,4,5,9
606,1,0,1,1,3,6,1
607,0,1,1,1,3,6,8
608,1,0,0,1,4,5,9
609,2,1,1,1,3,6,8
610,2,2,1,1,3,6,6
611,2,0,0,1,4,5,9
612,0,1,1,1,3,6,8
613,1,2,0,0,3,5,0
614,2,0,1,1,3,6,1
615,2,2,0,1,3,5,0
616,2,0,1,1,3,6,1
617,2,2,0,1,3,5,0
618,1,1,0,1,4,5,0
619,2,2,1,1,3,6,6
620,2,2,1,1,3,6,6
621,0,1,1,0,3,6,8
622,0,2,0,1,3,5,0
623,0,0,0,1,4,5,9
624,0,2,0,0,3,5,0
625,0,2,1,1,3,6,6
626,2,2,1,0,3,6,6
627,0,1,1,0,3,6,8
628,2,2,0,1,3,5,0
629,1,2,1,1,3,6,6
630,2,0,0,0,4,5,9
631,2,1,1,1,3,6,8
632,2,1,0,1,4,5,0
633,2,2,0,1,3,5,0
634,2,1,0,1,4,5,0
635,1,2,1,1,3,6,6
636,1,2,1,1,3,6,6
637,2,2,0,1,3,5,0
638,0,0,0,1,4,5,9
639,2,0,1,1,3,6,1
640,2,2,1,0,3,6,6
641,1,0,1,0,3,6,1
642,2,2,1,1,3,6,6
643,1,1,0,1,4,5,0
644,1,0,0,1,4,5,9
645,2,1,0,1,4,5,0
646,1,0,0,1,4,5,9
647,2,2,1,1,3,6,6
648,1,1,1,1,3,6,8
649,2,0,0,1,4,5,9
650,2,2,1,0,3,6,6
651,0,1,1,1,3,6,8
652,0,1,0,1,4,5,0
653,2,2,0,1,3,5,0
654,0,0,1,0,3,6,1
655,1,2,0,0,3,5,0
656,2,2,0,1,3,5,0
657,2,1,1,1,3,6,8
658,1,1,1,1,3,6,8
659,2,1,0,0,4,5,0
660,2,0,0,1,4,5,9
661,1,2,1,1,3,6,6
662,1,1,1,1,3,6,8
663,2,1,0,1,4,5,0
664,0,1,1,0,3,6,8
665,0,2,0,1,3,5,0
666,0,2,0,0,3,5,0
667,0,0,1,1,3,6,1
668,0,0,1,1,3,6,1
669,0,2,1,0,3,6,6
670,2,1,1,1,3,6,8
671,0,0,0,1,4,5,9
672,0,2,1,1,3,6,6
673,1,1,1,1,3,6,8
674,2,1,1,0,3,6,8
675,1,2,1,1,3,6,6
676,1,0,0,1,4,5,9
677,0,0,1,1,3,6,1
678,2,1,1,1,3,6,8
679,0,0,0,0,4,5,9
680,2,1,0,1,4,5,0
681,1,1,1,1,3,6,8
682,0,0,1,0,3,6,1
683,0,2,0,0,3,5,0
684,2,2,0,1,3,5,0
685,1,0,1,1,3,6,1
686,1,0,0,1,4,5,9
687,0,2,1,1,3,6,6
688,0,1,1,0,3,6,8
689,0,2,1,0,3,6,6
690,2,2,0,1,3,5,0
691,2,2,0,1,3,5,0
692,0,2,0,0,3,5,0
693,2,1,1,1,3,6,8
694,0,1,0,0,4,5,0
695,1,0,0,1,4,5,9
696,2,2,1,1,3,6,6
697,1,1,0,1,4,5,0
698,0,0,0,0,4,5,9
699,1,1,0,0,4,5,0
700,0,2,0,1,3,5,0
701,1,1,0,1,4,5,0
702,0,1,0,0,4,5,0
703,1,2,0,1,3,5,0
704,1,1,0,1,4,5,0
705,2,1,1,1,3,6,8
706,0,0,0,0,4,5,9
707,1,0,1,0,3,6,1
708,2,2,1,0,3,6,6
709,0,0,1,0,3,6,1
710,1,0,1,1,3,6,1
711,2,2,0,1,3,5,0
712,2,0,0,0,4,5,9
713,2,1,1,1,3,6,8
714,0,2,0,0,3,5,0
715,1,1,0,1,4,5,0
716,1,1,0,1,4,5,0
717,1,2,1,1,3,6,6
718,0,0,1,1,3,6,1
719,2,2,0,0,3,5,0
720,0,1,1,0,3,6,8
721,2,1,0,1,4,5,0
722,1,2,0,1,3,5,0
723,2,0,0,1,4,5,9
724,2,1,0,1,4,5,0
725,0,1,0,0,4,5,0
726,1,0,0,1,4,5,9
727,0,2,0,0,3,5,0
728,2,2,1,1,3,6,6
729,1,1,0,1,4,5,0
730,2,1,0,1,4,5,0
731,1,1,0,1,4,5,0
732,2,1,1,0,3,6,8
733,2,1,0,0,4,5,0
734,0,1,0,0,4,5,0
735,1,2,1,1,3,6,6
736,0,1,1,1,3,6,8
737,1,0,1,1,3,6,1
738,2,2,1,1,3,6,6
739,2,0,0,0,4,5,9
740,1,2,0,1,3,5,0
741,1,1,0,1,4,5,0
742,0,0,1,1,3,6,1
743,2,0,0,1,4,5,9
744,1,0,0,1,4,5,9
745,1,1,1,1,3,6,8
746,2,1,1,0,3,6,8
747,1,0,1,0,3,6,1
748,1,2,0,1,3,5,0
749,0,0,0,0,4,5,9
750,0,0,1,0,3,6,1
751,0,2,0,1,3,5,0
752,1,2,0,1,3,5,0
753,2,2,1,0,3,6,6
754,0,2,0,0,3,5,0
755,0,2,1,1,3,6,6
756,0,2,1,1,3,6,6
757,0,0,1,0,3,6,1
758,1,0,1,1,3,6,1
759,0,1,1,0,3,6,8
760,2,0,1,1,3,6,1
761,2,1,0,0,4,5,0
762,1,2,1,1,3,6,6
763,0,2,1,1,3,6,6
764,1,1,0,1,4,5,0
765,0,2,1,0,3,6,6
766,2,2,0,0,3,5,0
767,1,1,0,1,4,5,0
768,1,0,0,1,4,5,9
769,2,0,1,1,3,6,1
770,1,0,1,0,3,6,1
771,0,1,0,1,4,5,0
772,1,1,0,1,4,5,0
773,2,0,1,1,3,6,1
774,0,2,1,0,3,6,6
775,2,0,0,1,4,5,9
776,0,2,0,0,3,5,0
777,0,1,0,0,4,5,0
778,1,1,0,1,4,5,0
779,2,1,1,1,3,6,8
780,0,1,0,1,4,5,0
781,0,1,1,0,3,6,8
782,2,1,1,1,3,6,8
783,0,2,0,1,3,5,0
784,2,2,0,1,3,5,0
785,1,2,1,1,3,6,6
786,0,1,0,0,4,5,0
787,1,1,0,1,4,5,0
788,2,2,0,0,3,5,0
789,2,1,0,1,4,5,0
790,2,0,1,1,3,6,1
791,1,2,1,1,3,6,6
792,0,1,0,0,4,5,0
793,2,1,0,1,4,5,0
794,1,0,1,1,3,6,1
795,0,1,0,1,4,5,0
796,2,1,1,1,3,6,8
797,2,1,0,1,4,5,0
798,2,0,0,0,4,5,9
799,2,1,1,1,3,6,8
800,1,2,1,1,3,6,6
801,1,2,0,1,3,5,0
802,0,1,1,1,3,6,8
803,2,2,1,1,3,6,6
804,2,2,0,1,3,5,0
805,2,1,0,1,4,5,0
806,1,0,0,1,4,5,9
807,0,0,0,1,4,5,9
808,1,0,1,0,3,6,1
809,1,0,1,1,3,6,1
810,0,2,0,0,3,5,0
811,0,0,1,1,3,6,1
812,2,1,0,1,4,5,0
813,0,0,1,1,3,6,1
814,2,1,1,1,3,6,8
815,0,1,1,0,3,6,8
816,0,1,0,0,4,5,0
817,0,2,0,1,3,5,0
818,0,1,1,1,3,6,8
819,2,2,1,1,3,6,6
820,0,0,0,1,4,5,9
821,2,1,1,1,3,6,8
822,2,2,1,0,3,6,6
823,2,1,1,1,3,6,8
824,1,2,0,1,3,5,0
825,1,2,0,1,3,5,0
826,0,2,1,0,3,6,6
827,2,1,0,1,4,5,0
828,0,2,1,0,3,6,6
829,0,1,1,1,3,6,8
830,1,1,0,1,4,5,0
831,0,1,1,0,3,6,8
832,2,2,1,1,3,6,6
833,1,0,1,0,3,6,1
834,2,0,1,1,3,6,1
835,1,0,1,1,3,6,1
836,1,0,1,1,3,6,1
837,2,2,1,1,3,6,6
838,1,2,0,1,3,5,0
839,1,1,1,1,3,6,8
840,0,0,1,0,3,6,1
841,0,1,1,0,3,6,8
842,0,0,0,1,4,5,9
843,0,2,1,0,3,6,6
844,1,2,0,1,3,5,0
845,0,2,0,1,3,5,0
846,2,0,0,1,4,5,9
847,2,1,1,1,3,6,8
848,0,2,0,1,3,5,0
849,1,2,1,1,3,6,6
850,0,0,1,1,3,6,1
851,2,0,0,1,4,5,9
852,2,0,1,1,3,6,1
853,2,1,0,0,4,5,0
854,0,2,1,0,3,6,6
855,1,2,0,1,3,5,0
856,0,1,1,0,3,6,8
857,0,0,1,0,3,6,1
858,0,0,1,1,3,6,1
859,1,2,0,1,3,5,0
860,1,0,0,1,4,5,9
861,1,0,0,1,4,5,9
862,2,2,0,1,3,5,0
863,2,2,0,0,3,5,0
864,0,1,1,0,3,6,8
865,2,2,1,1,3,6,6
866,2,2,0,1,3,5,0
867,0,1,1,0,3,6,8
868,2,2,1,1,3,6,6
869,0,1,0,0,4,5,0
870,0,0,0,0,4,5,9
871,2,2,1,1,3,6,6
872,1,1,0,0,4,5,0
873,2,0,1,1,3,6,1
874,0,2,1,1,3,6,6
875,1,2,1,1,3,6,6
876,1,2,1,1,3,6,6
877,1,2,0,1,3,5,0
878,1,0,1,0,3,6,1
879,1,1,0,1,4,5,0
880,0,2,1,1,3,6,6
881,1,0,1,1,3,6,1
882,0,2,0,0,3,5,0
883,1,1,1,1,3,6,8
884,0,0,1,0,3,6,1
885,2,2,1,1,3,6,6
886,2,0,0,1,4,5,9
887,1,0,1,1,3,6,1
888,1,1,0,1,4,5,0
889,0,0,0,1,4,5,9
890,0,0,0,1,4,5,9
891,0,2,1,0,3,6,6
892,2,2,1,0,3,6,6
893,2,2,1,0,3,6,6
894,0,1,1,1,3,6,8
895,2,0,1,1,3,6,1
896,1,1,0,1,4,5,0
897,0,2,0,1,3,5,0
898,2,1,1,1,3,6,8
899,0,2,0,1,3,5,0
900,0,2,0,1,3,5,0
901,1,1,1,1,3,6,8
902,1,0,1,1,3,6,1
903,0,2,1,0,3,6,6
904,0,0,1,1,3,6,1
905,0,0,0,0,4,5,9
906,2,0,0,0,4,5,9
907,1,1,0,1,4,5,0
908,2,2,0,1,3,5,0
909,1,0,0,1,4,5,9
910,0,2,0,1,3,5,0
911,1,1,1,0,3,6,8
912,1,2,1,1,3,6,6
913,2,0,1,1,3,6,1
914,1,1,1,1,3,6,8
915,0,0,1,0,3,6,1
916,2,1,0,1,4,5,0
917,0,1,0,0,4,5,0
918,1,2,1,1,3,6,6
919,0,1,0,1,4,5,0
920,1,1,1,0,3,6,8
921,2,2,1,1,3,6,6
922,2,0,0,0,4,5,9
923,0,2,1,0,3,6,6
924,2,2,0,1,3,5,0
925,1,1,0,1,4,5,0
926,2,2,1,1,3,6,6
927,0,0,0,0,4,5,9
928,0,2,1,0,3,6,6
929,2,2,1,1,3,6,6
930,0,0,1,1,3,6,1
931,2,1,1,1,3,6,8
932,2,0,0,0,4,5,9
933,1,2,1,1,3,6,6
934,0,2,1,0,3,6,6
935,1,1,0,1,4,5,0
936,2,0,0,1,4,5,9
937,0,0,0,0,4,5,9
938,1,0,0,0,4,5,9
939,1,2,1,1,3,6,6
940,2,0,1,1,3,6,1
941,2,0,1,1,3,6,1
942,2,0,0,1,4,5,9
943,1,1,1,0,3,6,8
944,2,1,0,0,4,5,0
945,2,2,0,0,3,5,0
946,0,0,1,1,3,6,1
947,0,1,1,1,3,6,8
948,0,2,1,0,3,6,6
949,2,1,1,1,3,6,8
950,0,2,1,1,3,6,6
951,2,1,0,1,4,5,0
952,2,0,1,1,3,6,1
953,1,2,0,1,3,5,0
954,1,1,0,1,4,5,0
955,1,1,0,1,4,5,0
956,1,0,1,1,3,6,1
957,1,2,0,1,3,5,0
958,1,1,0,1,4,5,0
959,0,2,0,1,3,5,0
960,0,2,0,0,3,5,0
961,1,1,1,1,3,6,8
962,0,1,1,1,3,6,8
963,1,1,1,1,3,6,8
964,2,1,0,1,4,5,0
965,0,0,1,0,3,6,1
966,2,2,0,1,3,5,0
967,1,2,0,1,3,5,0
968,0,1,0,0,4,5,0
969,1,1,1,0,3,6,8
970,1,1,0,1,4,5,0
971,0,2,0,1,3,5,0
972,0,2,0,0,3,5,0
973,1,0,1,0,3,6,1
974,1,2,0,0,3,5,0
975,2,2,0,1,3,5,0
976,1,2,0,1,3,5,0
977,2,2,0,1,3,5,0
978,1,1,1,1,3,6,8
979,0,1,1,1,3,6,8
980,2,1,1,1,3,6,8
981,1,2,1,1,3,6,6
982,0,1,1,1,3,6,8
983,2,0,0,1,4,5,9
984,2,0,0,1,4,5,9
985,1,0,0,1,4,5,9
986,1,0,1,1,3,6,1
987,0,1,0,1,4,5,0
988,2,2,0,0,3,5,0
989,2,2,0,0,3,5,0
990,0,2,1,0,3,6,6
991,1,2,1,1,3,6,6
992,1,0,0,1,4,5,9
993,1,2,0,1,3,5,0
994,0,0,0,1,4,5,9
995,1,0,1,0,3,6,1
996,0,2,0,1,3,5,0
997,0,2,0,0,3,5,0
998,1,1,0,1,4,5,0
999,2,2,0,1,3,5,0
1000,1,0,0,1,4,5,9
1001,1,1,0,1,4,5,0
1002,1,1,1,1,3,6,8
1003,1,2,0,1,3,5,0
1004,2,0,1,1,3,6,1
1005,2,0,1,1,3,6,1
1006,1,1,1,1,3,6,8
1007,2,1,1,1,3,6,8
1008,1,0,1,1,3,6,1
1009,0,0,1,1,3,6,1
1010,2,2,1,1,3,6,6
1011,1,0,0,0,4,5,9
1012,0,2,1,0,3,6,6
1013,1,1,1,1,3,6,8
1014,1,0,1,1,3,6,1
1015,0,1,0,0,4,5,0
1016,2,0,0,1,4,5,9
1017,2,1,1,1,3,6,8
1018,1,0,1,1,3,6,1
1019,1,0,1,1,3,6,1
1020,2,0,1,1,3,6,1
1021,1,0,1,1,3,6,1
1022,0,1,1,1,3,6,8
1023,2,1,0,1,4,5,0
1024,0,1,0,1,4,5,0
1025,0,2,0,1,3,5,0
1026,1,0,1,0,3,6,1
1027,1,1,1,1,3,6,8
1028,2,0,1,1,3,6,1
1029,1,0,0,0,4,5,9
1030,1,1,1,1,3,6,8
1031,1,0,1,1,3,6,1
1032,0,2,1,1,3,6,6
1033,0,2,1,0,3,6,6
1034,0,0,0,1,4,5,9
1035,0,1,1,1,3,6,8
1036,2,0,0,1,4,5,9
1037,2,1,0,1,4,5,0
1038,2,2,0,0,3,5,0
1039,0,1,0,0,4,5,0
1040,1,0,0,1,4,5,9
1041,2,2,0,0,3,5,0
1042,0,2,1,1,3,6,6
1043,1,2,1,0,3,6,6
1044,2,2,1,0,3,6,6
1045,2,2,1,1,3,6,6
1046,1,1,0,1,4,5,0
1047,1,2,0,1,3,5,0
1048,0,2,1,1,3,6,6
1049,2,1,0,0,4,5,0
1050,1,2,0,1,3,5,0
1051,2,2,0,1,3,5,0
1052,2,1,0,1,4,5,0
1053,0,2,1,1,3,6,6
1054,2,0,0,0,4,5,9
1055,1,2,1,1,3,6,6
1056,2,1,0,1,4,5,0
1057,2,1,0,1,4,5,0
1058,0,0,1,1,3,6,1
1059,2,1,0,0,4,5,0
1060,0,2,0,1,3,5,0
1061,0,0,1,1,3,6,1
1062,2,2,0,1,3,5,0
1063,1,0,1,1,3,6,1
1064,1,2,0,1,3,5,0
1065,1,0,0,1,4,5,9
1066,0,0,1,0,3,6,1
1067,2,2,1,0,3,6,6
1068,1,1,1,1,3,6,8
1069,0,1,1,1,3,6,8
1070,0,1,0,1,4,5,0
1071,2,1,1,1,3,6,8
1072,2,1,1,1,3,6,8
1073,0,0,1,1,3,6,1
1074,0,0,0,0,4,5,9
1075,1,0,0,1,4,5,9
1076,2,1,0,1,4,5,0
1077,0,1,0,0,4,5,0
1078,2,1,1,1,3,6,8
1079,1,2,1,1,3,6,6
1080,2,2,0,1,3,5,0
1081,1,1,1,1,3,6,8
1082,1,1,1,1,3,6,8
1083,1,0,1,0,3,6,1
1084,1,2,0,1,3,5,0
1085,2,1,0,1,4,5,0
1086,2,2,0,1,3,5,0
1087,0,1,1,1,3,6,8
1088,1,1,1,1,3,6,8
1089,1,0,1,0,3,6,1
1090,2,1,1,1,3,6,8
1091,1,2,0,1,3,5,0
1092,1,1,0,1,4,5,0
1093,1,1,0,1,4,5,0
1094,1,0,0,1,4,5,9
1095,1,0,1,1,3,6,1
1096,0,2,0,1,3,5,0
1097,2,2,1,0,3,6,6
1098,2,1,0,1,4,5,0
1099,2,0,0,1,4,5,9
1100,1,0,0,1,4,5,9
1101,2,0,1,1,3,6,1
1102,2,2,0,1,3,5,0
1103,2,2,1,1,3,6,6
1104,1,0,1,0,3,6,1
1105,1,1,1,1,3,6,8
1106,0,2,1,0,3,6,6
1107,2,0,1,1,3,6,1
1108,2,0,1,1,3,6,1
1109,1,0,1,0,3,6,1
1110,1,0,0,1,4,5,9
1111,2,0,1,1,3,6,1
1112,1,0,1,0,3,6,1
1113,2,2,1,1,3,6,6
1114,1,0,1,1,3,6,1
1115,2,1,0,0,4,5,0
1116,0,1,1,1,3,6,8
1117,1,0,1,1,3,6,1
1118,1,2,0,1,3,5,0
1119,1,1,0,1,4,5,0
1120,0,2,1,0,3,6,6
1121,0,1,0,1,4,5,0
1122,1,0,1,0,3,6,1
1123,0,0,1,1,3,6,1
1124,0,1,1,1,3,6,8
1125,0,1,0,0,4,5,0
1126,0,2,0,0,3,5,0
1127,1,0,0,1,4,5,9
1128,1,0,1,1,3,6,1
1129,2,2,0,1,3,5,0
1130,1,1,0,1,4,5,0
1131,2,2,1,1,3,6,6
1132,0,2,0,1,3,5,0
1133,2,0,0,1,4,5,9
1134,1,1,1,1,3,6,8
1135,1,2,1,1,3,6,6
1136,0,1,0,1,4,5,0
1137,2,0,0,1,4,5,9
1138,2,1,1,1,3,6,8
1139,0,0,0,1,4,5,9
1140,0,2,1,1,3,6,6
1141,1,0,1,1,3,6,1
1142,0,0,0,0,4,5,9
1143,2,1,0,0,4,5,0
1144,0,2,0,0,3,5,0
1145,2,0,1,1,3,6,1
1146,2,2,0,1,3,5,0
1147,1,2,0,1,3,5,0
1148,1,2,0,0,3,5,0
1149,2,0,1,0,3,6,1
1150,2,2,0,1,3,5,0
1151,2,2,1,1,3,6,6
1152,2,1,0,1,4,5,0
1153,1,0,1,1,3,6,1
1154,2,1,1,1,3,6,8
1155,0,0,1,1,3,6,1
1156,0,2,0,1,3,5,0
1157,1,2,1,1,3,6,6
1158,2,0,1,1,3,6,1
1159,2,0,1,1,3,6,1
1160,1,0,0,1,4,5,9
1161,1,0,1,1,3,6,1
1162,2,0,1,1,3,6,1
1163,0,2,0,1,3,5,0
1164,1,2,1,0,3,6,6
1165,1,2,1,1,3,6,6
1166,1,1,0,1,4,5,0
1167,1,0,1,0,3,6,1
1168,1,1,0,1,4,5,0
1169,1,0,1,0,3,6,1
1170,1,2,0,1,3,5,0
1171,1,1,0,1,4,5,0
1172,2,0,0,1,4,5,9
1173,1,2,1,0,3,6,6
1174,0,2,0,1,3,5,0
1175,1,1,0,1,4,5,0
1176,0,1,1,0,3,6,8
1177,2,2,1,0,3,6,6
1178,1,2,0,1,3,5,0
1179,1,0,1,1,3,6,1
1180,2,1,1,0,3,6,8
1181,0,1,1,0,3,6,8
1182,1,0,0,1,4,5,9
1183,1,2,0,1,3,5,0
1184,1,1,1,1,3,6,8
1185,0,0,0,0,4,5,9
1186,1,2,0,0,3,5,0
1187,0,2,0,1,3,5,0
1188,2,0,0,1,4,5,9
1189,1,2,0,1,3,5,0
1190,0,1,1,0,3,6,8
1191,1,1,0,1,4,5,0
1192,1,0,0,1,4,5,9
1193,1,0,0,1,4,5,9
1194,1,2,1,1,3,6,6
1195,0,0,0,0,4,5,9
1196,0,0,0,0,4,5,9
1197,2,2,1,1,3,6,6
1198,2,2,1,1,3,6,6
1199,0,1,1,0,3,6,8
1200,1,1,1,0,3,6,8
1201,1,0,0,1,4,5,9
1202,0,1,1,0,3,6,8
1203,1,1,1,0,3,6,8
1204,2,1,1,0,3,6,8
1205,2,0,0,0,4,5,9
1206,1,2,0,1,3,5,0
1207,0,2,1,1,3,6,6
1208,1,1,0,1,4,5,0
1209,1,0,1,0,3,6,1
1210,2,0,1,1,3,6,1
1211,0,2,1,1,3,6,6
1212,1,1,0,1,4,5,0
1213,0,0,0,0,4,5,9
1214,2,2,0,0,3,5,0
1215,0,1,1,0,3,6,8
1216,0,0,1,0,3,6,1
1217,1,0,0,1,4,5,9
1218,0,0,1,1,3,6,1
1219,2,2,0,0,3,5,0
1220,0,0,1,1,3,6,1
1221,0,0,0,0,4,5,9
1222,0,2,0,1,3,5,0
1223,1,2,0,1,3,5,0
1224,0,0,0,0,4,5,9
1225,1,2,1,1,3,6,6
1226,0,0,0,1,4,5,9
1227,2,2,0,1,3,5,0
1228,1,0,1,1,3,6,1
1229,0,2,0,1,3,5,0
1230,0,1,0,0,4,5,0
1231,1,2,1,1,3,6,6
1232,0,0,1,0,3,6,1
1233,2,1,1,1,3,6,8
1234,2,0,0,0,4,5,9
1235,1,1,0,0,4,5,0
1236,1,1,1,1,3,6,8
1237,2,0,0,1,4,5,9
1238,0,1,1,0,3,6,8
1239,0,2,0,1,3,5,0
1240,0,0,0,1,4,5,9
1241,0,2,0,1,3,5,0
1242,1,0,1,1,3,6,1
1243,2,1,1,1,3,6,8
1244,1,0,0,1,4,5,9
1245,1,0,1,1,3,6,1
1246,1,2,1,1,3,6,6
1247,2,1,1,1,3,6,8
1248,2,0,0,0,4,5,9
1249,0,0,1,1,3,6,1
1250,2,2,1,1,3,6,6
1251,2,1,0,1,4,5,0
1252,1,1,1,1,3,6,8
1253,2,1,1,0,3,6,8
1254,0,2,1,1,3,6,6
1255,2,2,0,1,3,5,0
1256,1,2,0,1,3,5,0
1257,1,2,0,1,3,5,0
1258,1,0,1,0,3,6,1
1259,1,0,0,1,4,5,9
1260,0,1,0,0,4,5,0
1261,1,0,1,1,3,6,1
1262,2,2,1,1,3,6,6
1263,2,0,0,0,4,5,9
1264,1,2,1,1,3,6,6
1265,1,1,0,1,4,5,0
1266,2,2,0,1,3,5,0
1267,1,1,0,1,4,5,0
1268,2,1,0,1,4,5,0
1269,1,2,0,1,3,5,0
1270,1,0,0,1,4,5,9
1271,2,1,0,1,4,5,0
1272,2,1,0,1,4,5,0
1273,2,2,0,1,3,5,0
1274,1,1,1,1,3,6,8
1275,2,1,1,1,3,6,8
1276,0,1,1,1,3,6,8
1277,0,1,1,1,3,6,8
1278,2,0,1,1,3,6,1
1279,1,1,1,1,3,6,8
1280,1,0,0,0,4,5,9
1281,2,1,0,1,4,5,0
1282,0,0,1,1,3,6,1
1283,0,2,1,0,3,6,6
1284,1,2,1,1,3,6,6
1285,0,0,0,1,4,5,9
1286,1,0,1,1,3,6,1
1287,1,0,0,1,4,5,9
1288,2,1,1,1,3,6,8
1289,0,1,0,1,4,5,0
1290,0,1,1,0,3,6,8
1291,2,1,0,1,4,5,0
1292,2,0,0,1,4,5,9
1293,0,1,1,1,3,6,8
1294,1,1,0,1,4,5,0
1295,2,1,1,1,3,6,8
1296,0,2,0,0,3,5,0
1297,0,2,1,1,3,6,6
1298,2,0,0,1,4,5,9
1299,2,2,1,1,3,6,6
1300,1,2,1,1,3,6,6
1301,0,2,1,0,3,6,6
1302,0,0,1,0,3,6,1
1303,0,2,0,1,3,5,0
1304,0,0,1,1,3,6,1
1305,0,1,1,1,3,6,8
1306,1,1,0,0,4,5,0
1307,0,2,0,1,3,5,0
1308,1,1,0,1,4,5,0
1309,0,0,1,1,3,6,1
1310,0,1,0,0,4,5,0
1311,0,0,1,1,3,6,1
1312,2,0,1,1,3,6,1
1313,1,1,1,1,3,6,8
1314,2,2,1,0,3,6,6
1315,2,1,0,1,4,5,0
1316,2,1,0,1,4,5,0
1317,2,2,1,1,3,6,6
1318,2,2,1,1,3,6,6
1319,0,0,1,1,3,6,1
1320,2,0,0,1,4,5,9
1321,1,2,1,1,3,6,6
1322,1,2,1,1,3,6,6
1323,0,1,1,0,3,6,8
1324,0,2,0,0,3,5,0
1325,0,0,0,1,4,5,9
1326,0,2,1,1,3,6,6
1327,0,1,0,1,4,5,0
1328,2,1,1,1,3,6,8
1329,1,1,1,1,3,6,8
1330,2,2,0,0,3,5,0
1331,1,1,0,1,4,5,0
1332,1,2,1,1,3,6,6
1333,1,0,1,0,3,6,1
1334,0,1,0,0,4,5,0
1335,1,2,0,1,3,5,0
1336,0,1,1,0,3,6,8
1337,2,0,0,1,4,5,9
1338,1,0,1,1,3,6,1
1339,2,0,0,1,4,5,9
1340,0,2,1,1,3,6,6
1341,0,2,0,1,3,5,0
1342,1,0,1,1,3,6,1
1343,2,1,0,1,4,5,0
1344,2,1,1,1,3,6,8
1345,1,2,1,1,3,6,6
1346,0,2,0,0,3,5,0
1347,1,2,0,1,3,5,0
1348,0,2,1,1,3,6,6
1349,0,1,1,1,3,6,8
1350,0,0,0,1,4,5,9
1351,0,0,1,1,3,6,1
1352,2,0,0,1,4,5,9
1353,2,2,1,1,3,6,6
1354,0,0,1,0,3,6,1
1355,0,0,0,0,4,5,9
1356,1,2,0,1,3,5,0
1357,2,0,0,1,4,5,9
1358,1,1,0,1,4,5,0
1359,1,0,1,0,3,6,1
1360,0,0,0,1,4,5,9
1361,1,2,1,1,3,6,6
1362,1,1,0,1,4,5,0
1363,1,0,0,1,4,5,9
1364,0,0,0,0,4,5,9
1365,1,2,1,1,3,6,6
1366,1,2,0,1,3,5,0
1367,2,0,1,1,3,6,1
1368,1,1,1,1,3,6,8
1369,0,0,0,0,4,5,9
1370,0,1,0,1,4,5,0
1371,1,1,0,1,4,5,0
1372,2,1,1,0,3,6,8
1373,1,0,1,1,3,6,1
1374,1,2,0,1,3,5,0
1375,0,2,1,1,3,6,6
1376,1,0,1,0,3,6,1
1377,0,1,1,1,3,6,8
1378,0,2,1,1,3,6,6
1379,2,1,0,1,4,5,0
1380,0,2,1,1,3,6,6
1381,1,2,0,1,3,5,0
1382,2,1,1,1,3,6,8
1383,0,0,0,1,4,5,9
1384,2,0,0,1,4,5,9
1385,1,1,0,0,4,5,0
1386,0,1,0,1,4,5,0
1387,2,0,0,1,4,5,9
1388,1,2,0,1,3,5,0
1389,0,2,0,1,3,5,0
1390,0,1,0,1,4,5,0
1391,1,2,1,1,3,6,6
1392,2,0,0,0,4,5,9
1393,1,0,0,1,4,5,9
1394,2,2,0,1,3,5,0
1395,0,0,0,0,4,5,9
1396,1,2,0,1,3,5,0
1397,2,0,0,1,4,5,9
1398,2,0,1,1,3,6,1
1399,2,2,1,1,3,6,6
1400,0,0,0,1,4,5,9
1401,1,0,0,1,4,5,9
1402,2,0,1,1,3,6,1
1403,1,1,0,0,4,5,0
1404,0,2,0,0,3,5,0
1405,0,0,1,0,3,6,1
1406,0,0,1,1,3,6,1
1407,0,1,1,1,3,6,8
1408,0,2,1,0,3,6,6
1409,1,2,1,0,3,6,6
1410,1,2,1,1,3,6,6
1411,0,0,0,1,4,5,9
1412,0,2,0,1,3,5,0
1413,2,0,1,1,3,6,1
1414,1,1,1,1,3,6,8
1415,1,1,1,1,3,6,8
1416,0,0,1,1,3,6,1
1417,0,0,0,0,4,5,9
1418,1,1,0,1,4,5,0
1419,2,2,1,1,3,6,6
1420,0,0,0,1,4,5,9
1421,0,2,0,0,3,5,0
1422,0,0,1,1,3,6,1
1423,1,1,0,1,4,5,0
1424,0,0,1,1,3,6,1
1425,1,0,0,0,4,5,9
1426,1,0,1,0,3,6,1
1427,2,1,1,1,3,6,8
1428,0,2,1,1,3,6,6
1429,2,1,1,0,3,6,8
1430,2,2,1,1,3,6,6
1431,0,1,1,1,3,6,8
1432,1,2,1,1,3,6,6
1433,0,2,1,1,3,6,6
1434,1,0,1,1,3,6,1
1435,2,1,0,1,4,5,0
1436,0,1,0,1,4,5,0
1437,2,0,0,1,4,5,9
1438,1,0,0,0,4,5,9
1439,1,0,1,1,3,6,1
1440,0,2,0,0,3,5,0
1441,2,0,0,1,4,5,9
1442,2,1,1,1,3,6,8
1443,1,2,0,1,3,5,0
1444,2,1,1,1,3,6,8
1445,2,0,1,1,3,6,1
1446,1,0,1,1,3,6,1
1447,2,0,0,0,4,5,9
1448,0,2,0,1,3,5,0
1449,0,1,0,1,4,5,0
1450,0,2,1,1,3,6,6
1451,1,0,1,1,3,6,1
1452,2,2,1,1,3,6,6
1453,1,0,1,1,3,6,1
1454,1,1,0,1,4,5,0
1455,2,2,1,1,3,6,6
1456,0,1,1,1,3,6,8
1457,2,0,0,1,4,5,9
1458,1,2,1,1,3,6,6
1459,0,1,1,1,3,6,8
1460,1,1,0,1,4,5,0
1461,0,0,0,1,4,5,9
1462,2,2,0,1,3,5,0
1463,0,1,0,1,4,5,0
1464,1,1,0,1,4,5,0
1465,2,2,1,1,3,6,6
1466,0,2,1,1,3,6,6
1467,0,2,0,1,3,5,0
1468,2,0,1,1,3,6,1
1469,2,1,0,1,4,5,0
1470,2,1,0,1,4,5,0
1471,2,2,0,1,3,5,0
1472,0,2,1,1,3,6,6
1473,1,2,0,1,3,5,0
1474,2,1,0,1,4,5,0
1475,2,0,0,1,4,5,9
1476,2,1,1,1,3,6,8
1477,2,0,1,1,3,6,1
1478,0,0,0,1,4,5,9
1479,1,2,1,1,3,6,6
1480,1,0,1,0,3,6,1
1481,1,2,0,1,3,5,0
1482,2,0,0,1,4,5,9
1483,0,0,1,1,3,6,1
1484,2,1,1,1,3,6,8
1485,0,2,0,0,3,5,0
1486,2,0,0,1,4,5,9
1487,1,0,0,1,4,5,9
1488,2,0,1,1,3,6,1
1489,1,1,1,1,3,6,8
1490,0,2,1,0,3,6,6
1491,0,0,0,0,4,5,9
1492,1,2,0,1,3,5,0
1493,1,0,0,1,4,5,9
1494,0,1,1,0,3,6,8
1495,0,2,1,1,3,6,6
1496,1,0,0,1,4,5,9
1497,2,2,0,1,3,5,0
1498,2,2,0,1,3,5,0
1499,0,0,1,1,3,6,1
1500,0,1,0,1,4,5,0
1501,1,2,0,1,3,5,0
1502,2,0,0,1,4,5,9
1503,0,1,0,1,4,5,0
1504,2,0,0,0,4,5,9
1505,0,0,0,1,4,5,9
1506,1,1,0,1,4,5,0
1507,0,1,0,0,4,5,0
1508,0,2,1,1,3,6,6
1509,1,2,0,1,3,5,0
1510,0,1,1,1,3,6,8
1511,0,2,1,0,3,6,6
1512,1,2,0,1,3,5,0
1513,0,0,1,1,3,6,1
1514,2,1,0,1,4,5,0
1515,2,0,0,1,4,5,9
1516,1,2,1,1,3,6,6
1517,2,2,0,1,3,5,0
1518,2,1,1,1,3,6,8
1519,1,2,0,1,3,5,0
1520,0,1,0,1,4,5,0
1521,2,1,1,1,3,6,8
1522,2,1,0,1,4,5,0
1523,1,2,0,1,3,5,0
1524,1,2,0,1,3,5,0
1525,0,1,1,1,3,6,8
1526,0,0,1,1,3,6,1
1527,2,0,0,1,4,5,9
1528,0,1,1,0,3,6,8
1529,0,2,1,1,3,6,6
1530,0,0,0,0,4,5,9
1531,0,2,0,0,3,5,0
1532,0,0,0,0,4,5,9
1533,0,1,1,1,3,6,8
1534,0,2,0,1,3,5,0
1535,2,0,0,0,4,5,9
1536,1,2,1,0,3,6,6
1537,1,1,1,1,3,6,8
1538,1,1,0,0,4,5,0
1539,2,1,0,1,4,5,0
1540,0,0,0,0,4,5,9
1541,0,0,1,1,3,6,1
1542,1,2,1,1,3,6,6
1543,0,0,1,1,3,6,1
1544,1,2,0,1,3,5,0
1545,1,1,0,1,4,5,0
1546,2,2,1,0,3,6,6
1547,2,0,0,1,4,5,9
1548,2,1,0,1,4,5,0
1549,2,0,0,1,4,5,9
1550,2,2,0,1,3,5,0
1551,2,1,0,1,4,5,0
1552,2,1,1,1,3,6,8
1553,1,0,0,1,4,5,9
1554,0,1,0,1,4,5,0
1555,0,2,0,1,3,5,0
1556,2,2,0,1,3,5,0
1557,0,2,1,1,3,6,6
1558,0,2,1,1,3,6,6
1559,1,0,1,0,3,6,1
1560,2,0,0,1,4,5,9
1561,1,0,1,0,3,6,1
1562,2,0,0,1,4,5,9
1563,1,1,1,0,3,6,8
1564,0,2,0,0,3,5,0
1565,2,0,1,1,3,6,1
1566,1,2,1,1,3,6,6
1567,2,1,1,1,3,6,8
1568,2,0,1,1,3,6,1
1569,1,1,0,1,4,5,0
1570,0,0,1,1,3,6,1
1571,1,2,0,1,3,5,0
1572,0,0,0,1,4,5,9
1573,2,1,1,1,3,6,8
1574,1,1,1,1,3,6,8
1575,1,2,0,1,3,5,0
1576,1,1,1,1,3,6,8
1577,0,0,0,0,4,5,9
1578,0,2,0,1,3,5,0
1579,0,2,1,1,3,6,6
1580,0,2,1,1,3,6,6
1581,1,0,0,1,4,5,9
1582,2,2,1,1,3,6,6
1583,2,1,1,1,3,6,8
1584,0,0,1,1,3,6,1
1585,2,1,0,1,4,5,0
1586,2,2,0,1,3,5,0
1587,2,1,1,1,3,6,8
1588,1,0,0,1,4,5,9
1589,0,0,1,0,3,6,1
1590,2,0,1,1,3,6,1
1591,1,2,1,1,3,6,6
1592,2,0,1,1,3,6,1
1593,1,2,1,1,3,6,6
1594,1,0,1,1,3,6,1
1595,1,0,0,1,4,5,9
1596,2,0,1,0,3,6,1
1597,2,0,1,1,3,6,1
1598,1,0,1,1,3,6,1
1599,2,1,0,1,4,5,0
1600,1,1,0,1,4,5,0
1601,0,1,0,0,4,5,0
1602,1,1,1,0,3,6,8
1603,0,0,0,0,4,5,9
1604,0,1,1,0,3,6,8
1605,1,2,1,1,3,6,6
1606,2,1,0,1,4,5,0
1607,1,2,0,1,3,5,0
1608,2,0,0,1,4,5,9
1609,0,0,0,0,4,5,9
1610,2,2,1,1,3,6,6
1611,0,0,1,1,3,6,1
1612,0,2,1,1,3,6,6
1613,2,0,0,0,4,5,9
1614,0,2,1,1,3,6,6
1615,1,2,0,1,3,5,0
1616,0,0,0,0,4,5,9
1617,0,1,1,1,3,6,8
1618,2,1,1,1,3,6,8
1619,0,2,1,0,3,6,6
1620,1,2,0,1,3,5,0
1621,2,1,1,0,3,6,8
1622,1,1,0,1,4,5,0
1623,1,1,1,1,3,6,8
1624,1,1,0,1,4,5,0
1625,1,2,0,0,3,5,0
1626,0,1,0,1,4,5,0
1627,0,2,1,0,3,6,6
1628,1,0,0,1,4,5,9
1629,0,1,0,0,4,5,0
1630,2,1,0,0,4,5,0
1631,2,2,0,1,3,5,0
1632,2,0,0,1,4,5,9
1633,2,0,0,1,4,5,9
1634,1,2,0,1,3,5,0
1635,1,2,0,1,3,5,0
1636,1,1,0,1,4,5,0
1637,1,0,1,0,3,6,1
1638,2,0,0,1,4,5,9
1639,0,0,0,0,4,5,9
1640,0,0,1,1,3,6,1
1641,1,2,1,1,3,6,6
1642,1,0,1,0,3,6,1
1643,0,1,0,1,4,5,0
1644,0,2,0,1,3,5,0
1645,2,2,1,1,3,6,6
1646,0,0,1,0,3,6,1
1647,1,2,0,1,3,5,0
1648,1,1,0,1,4,5,0
1649,2,0,0,0,4,5,9
1650,0,1,1,0,3,6,8
1651,0,1,1,0,3,6,8
1652,1,0,1,1,3,6,1
1653,0,1,0,0,4,5,0
1654,2,1,0,1,4,5,0
1655,2,2,1,1,3,6,6
1656,2,1,1,1,3,6,8
1657,0,0,0,1,4,5,9
1658,1,2,0,1,3,5,0
1659,0,2,1,0,3,6,6
1660,2,2,1,0,3,6,6
1661,1,2,1,1,3,6,6
1662,1,0,0,1,4,5,9
1663,1,1,0,1,4,5,0
1664,1,0,0,1,4,5,9
1665,1,0,1,0,3,6,1
1666,2,0,0,1,4,5,9
1667,0,2,0,1,3,5,0
1668,0,2,1,0,3,6,6
1669,1,2,0,1,3,5,0
1670,1,0,0,1,4,5,9
1671,0,1,0,1,4,5,0
1672,1,1,1,0,3,6,8
1673,2,1,0,1,4,5,0
1674,0,2,0,1,3,5,0
1675,2,2,1,1,3,6,6
1676,2,1,0,0,4,5,0
1677,0,0,1,1,3,6,1
1678,2,1,0,1,4,5,0
1679,2,0,0,1,4,5,9
1680,1,2,0,1,3,5,0
1681,2,1,1,1,3,6,8
1682,1,0,1,1,3,6,1
1683,2,2,0,1,3,5,0
1684,2,0,1,1,3,6,1
1685,0,2,1,0,3,6,6
1686,1,1,1,1,3,6,8
1687,2,0,0,1,4,5,9
1688,1,1,0,1,4,5,0
1689,1,2,1,1,3,6,6
1690,0,1,0,1,4,5,0
1691,2,0,1,1,3,6,1
1692,1,1,1,0,3,6,8
1693,0,1,1,0,3,6,8
1694,2,2,0,1,3,5,0
1695,0,0,0,1,4,5,9
1696,0,2,1,1,3,6,6
1697,2,0,1,1,3,6,1
1698,2,0,1,1,3,6,1
1699,2,2,0,0,3,5,0
1700,2,0,0,0,4,5,9
1701,2,0,0,1,4,5,9
1702,1,1,0,1,4,5,0
1703,2,0,0,1,4,5,9
1704,0,1,1,0,3,6,8
1705,0,2,1,1,3,6,6
1706,0,1,0,0,4,5,0
1707,1,1,1,1,3,6,8
1708,2,0,0,0,4,5,9
1709,0,0,1,1,3,6,1
1710,2,2,0,1,3,5,0
1711,1,2,0,1,3,5,0
1712,2,2,1,0,3,6,6
1713,1,2,0,1,3,5,0
1714,1,2,0,1,3,5,0
1715,2,2,0,1,3,5,0
1716,0,2,1,0,3,6,6
1717,0,0,1,1,3,6,1
1718,0,2,1,0,3,6,6
1719,1,1,1,1,3,6,8
1720,1,1,0,1,4,5,0
1721,0,1,0,0,4,5,0
1722,2,1,0,1,4,5,0
1723,0,1,1,0,3,6,8
1724,1,2,1,1,3,6,6
1725,1,1,0,1,4,5,0
1726,1,0,1,1,3,6,1
1727,0,2,1,0,3,6,6
1728,0,2,0,1,3,5,0
1729,2,0,0,1,4,5,9
1730,2,0,0,1,4,5,9
1731,0,2,0,1,3,5,0
1732,2,2,1,0,3,6,6
1733,0,0,0,1,4,5,9
1734,0,2,1,0,3,6,6
1735,2,0,1,0,3,6,1
1736,2,2,0,0,3,5,0
1737,2,2,0,1,3,5,0
1738,2,1,1,1,3,6,8
1739,0,0,1,1,3,6,1
1740,2,1,0,1,4,5,0
1741,1,0,0,1,4,5,9
1742,2,2,0,1,3,5,0
1743,2,2,0,1,3,5,0
1744,0,0,0,1,4,5,9
1745,1,0,0,1,4,5,9
1746,0,2,1,1,3,6,6
1747,0,0,1,1,3,6,1
1748,2,2,1,1,3,6,6
1749,0,0,1,1,3,6,1
1750,0,0,0,1,4,5,9
1751,2,0,0,1,4,5,9
1752,2,2,0,1,3,5,0
1753,0,0,0,1,4,5,9
1754,0,1,0,1,4,5,0
1755,0,0,1,0,3,6,1
1756,0,2,1,0,3,6,6
1757,2,2,1,1,3,6,6
1758,2,2,1,1,3,6,6
1759,0,1,0,0,4,5,0
1760,0,0,1,1,3,6,1
1761,2,0,0,0,4,5,9
1762,1,2,1,1,3,6,6
1763,1,2,0,1,3,5,0
1764,2,1,1,1,3,6,8
1765,1,2,0,1,3,5,0
1766,0,0,1,1,3,6,1
1767,0,0,1,1,3,6,1
1768,2,0,1,1,3,6,1
1769,2,1,1,1,3,6,8
1770,2,0,0,1,4,5,9
1771,0,2,1,1,3,6,6
1772,2,2,0,1,3,5,0
1773,0,0,1,1,3,6,1
1774,1,0,0,1,4,5,9
1775,0,0,0,0,4,5,9
1776,1,1,1,0,3,6,8
1777,0,2,1,1,3,6,6
1778,0,2,1,1,3,6,6
1779,0,2,0,1,3,5,0
1780,0,1,0,0,4,5,0
1781,0,1,0,0,4,5,0
1782,1,0,0,1,4,5,9
1783,0,2,0,0,3,5,0
1784,0,1,0,0,4,5,0
1785,0,1,1,0,3,6,8
1786,2,2,1,1,3,6,6
1787,0,1,0,1,4,5,0
1788,2,0,1,1,3,6,1
1789,2,2,1,1,3,6,6
1790,0,1,0,1,4,5,0
1791,0,2,1,1,3,6,6
1792,2,1,0,1,4,5,0
1793,1,0,0,1,4,5,9
1794,2,0,0,0,4,5,9
1795,0,2,0,1,3,5,0
1796,2,1,1,1,3,6,8
1797,0,2,0,1,3,5,0
1798,0,1,1,1,3,6,8
1799,2,2,1,1,3,6,6
1800,2,1,0,1,4,5,0
1801,0,0,1,0,3,6,1
1802,1,1,0,1,4,5,0
1803,2,0,1,1,3,6,1
1804,0,0,0,1,4,5,9
1805,1,2,0,1,3,5,0
1806,0,0,1,1,3,6,1
1807,0,1,1,0,3,6,8
1808,0,0,1,1,3,6,1
1809,0,1,1,0,3,6,8
1810,2,2,1,0,3,6,6
1811,1,0,0,1,4,5,9
1812,0,0,0,0,4,5,9
1813,1,2,1,1,3,6,6
1814,0,2,0,1,3,5,0
1815,0,0,0,0,4,5,9
1816,0,0,0,1,4,5,9
1817,0,0,0,0,4,5,9
1818,0,1,0,0,4,5,0
1819,1,1,0,0,4,5,0
1820,1,1,0,1,4,5,0
1821,1,1,0,1,4,5,0
1822,2,2,1,1,3,6,6
1823,0,0,1,1,3,6,1
1824,2,1,0,0,4,5,0
1825,0,2,0,1,3,5,0
1826,2,1,1,1,3,6,8
1827,0,1,0,1,4,5,0
1828,2,0,0,0,4,5,9
1829,1,2,1,1,3,6,6
1830,2,0,1,1,3,6,1
1831,1,2,0,1,3,5,0
1832,1,1,0,1,4,5,0
1833,0,2,1,1,3,6,6
1834,1,1,1,0,3,6,8
1835,0,2,1,0,3,6,6
1836,2,1,0,1,4,5,0
1837,0,1,0,1,4,5,0
1838,2,0,0,1,4,5,9
1839,0,0,1,0,3,6,1
1840,1,0,0,1,4,5,9
1841,0,2,1,1,3,6,6
1842,0,0,0,0,4,5,9
1843,2,1,1,1,3,6,8
1844,1,0,0,1,4,5,9
1845,2,2,0,1,3,5,0
1846,2,1,0,0,4,5,0
1847,2,0,1,1,3,6,1
1848,0,0,0,1,4,5,9
1849,2,1,1,1,3,6,8
1850,0,2,0,0,3,5,0
1851,0,0,1,1,3,6,1
1852,2,2,1,1,3,6,6
1853,0,1,0,0,4,5,0
1854,1,2,1,1,3,6,6
1855,1,0,1,1,3,6,1
1856,2,1,1,1,3,6,8
1857,1,0,1,1,3,6,1
1858,2,2,1,1,3,6,6
1859,0,1,1,0,3,6,8
1860,1,2,0,1,3,5,0
1861,1,1,0,1,4,5,0
1862,2,1,0,1,4,5,0
1863,0,1,0,0,4,5,0
1864,1,0,1,1,3,6,1
1865,1,2,0,1,3,5,0
1866,0,1,0,0,4,5,0
1867,1,0,1,1,3,6,1
1868,0,1,1,0,3,6,8
1869,1,0,1,1,3,6,1
1870,2,1,1,0,3,6,8
1871,2,2,1,0,3,6,6
1872,1,2,1,1,3,6,6
1873,1,0,0,1,4,5,9
1874,1,2,0,1,3,5,0
1875,1,0,0,1,4,5,9
1876,0,1,0,1,4,5,0
1877,0,0,0,1,4,5,9
1878,1,2,0,1,3,5,0
1879,2,2,0,1,3,5,0
1880,2,0,0,1,4,5,9
1881,2,1,1,0,3,6,8
1882,0,0,0,0,4,5,9
1883,1,0,1,0,3,6,1
1884,0,0,0,1,4,5,9
1885,1,1,0,0,4,5,0
1886,1,1,1,1,3,6,8
1887,2,2,0,0,3,5,0
1888,0,2,1,0,3,6,6
1889,1,2,0,1,3,5,0
1890,0,0,1,1,3,6,1
1891,1,1,1,1,3,6,8
1892,2,1,1,1,3,6,8
1893,1,1,1,1,3,6,8
1894,2,2,0,1,3,5,0
1895,1,1,0,1,4,5,0
1896,0,2,1,0,3,6,6
1897,0,0,0,1,4,5,9
1898,0,1,0,1,4,5,0
1899,2,0,1,1,3,6,1
1900,2,1,1,1,3,6,8
1901,1,0,0,1,4,5,9
1902,1,1,1,0,3,6,8
1903,0,1,0,0,4,5,0
1904,2,2,0,1,3,5,0
1905,2,1,1,1,3,6,8
1906,2,1,0,1,4,5,0
1907,1,0,1,0,3,6,1
1908,0,1,0,0,4,5,0
1909,2,0,0,1,4,5,9
1910,0,2,0,0,3,5,0
1911,1,2,0,1,3,5,0
1912,0,1,1,0,3,6,8
1913,0,2,0,0,3,5,0
1914,0,0,0,1,4,5,9
1915,2,0,1,1,3,6,1
1916,2,2,0,1,3,5,0
1917,1,2,1,1,3,6,6
1918,2,0,1,1,3,6,1
1919,0,0,1,1,3,6,1
1920,2,1,0,1,4,5,0
1921,2,0,0,0,4,5,9
1922,0,2,1,1,3,6,6
1923,1,1,0,1,4,5,0
1924,2,1,0,1,4,5,0
1925,1,0,0,1,4,5,9
1926,2,1,1,0,3,6,8
1927,2,1,1,1,3,6,8
1928,1,1,0,1,4,5,0
1929,1,2,1,1,3,6,6
1930,2,0,1,1,3,6,1
1931,1,2,1,1,3,6,6
1932,2,0,0,1,4,5,9
1933,0,0,1,0,3,6,1
1934,2,0,0,1,4,5,9
1935,2,0,1,1,3,6,1
1936,1,2,0,0,3,5,0
1937,1,0,0,0,4,5,9
1938,1,2,1,1,3,6,6
1939,1,2,0,0,3,5,0
1940,2,1,1,1,3,6,8
1941,1,0,0,1,4,5,9
1942,2,2,0,0,3,5,0
1943,2,0,1,1,3,6,1
1944,0,1,0,1,4,5,0
1945,2,2,0,1,3,5,0
1946,0,2,0,1,3,5,0
1947,1,2,0,1,3,5,0
1948,0,2,0,1,3,5,0
1949,2,0,0,0,4,5,9
1950,0,1,1,0,3,6,8
1951,0,1,0,1,4,5,0
1952,0,2,0,1,3,5,0
1953,1,1,0,1,4,5,0
1954,1,2,1,1,3,6,6
1955,2,1,0,1,4,5,0
1956,1,1,1,0,3,6,8
1957,0,2,1,1,3,6,6
1958,0,1,0,0,4,5,0
1959,2,1,1,1,3,6,8
1960,2,0,1,1,3,6,1
1961,0,2,0,1,3,5,0
1962,0,0,1,1,3,6,1
1963,0,1,0,0,4,5,0
1964,2,0,1,1,3,6,1
1965,2,2,0,0,3,5,0
1966,0,0,0,1,4,5,9
1967,1,2,1,0,3,6,6
1968,2,1,1,1,3,6,8
1969,2,1,0,1,4,5,0
1970,1,0,1,0,3,6,1
1971,0,1,0,1,4,5,0
1972,2,2,0,1,3,5,0
1973,2,0,1,1,3,6,1
1974,0,2,1,0,3,6,6
1975,0,0,1,1,3,6,1
1976,1,0,1,1,3,6,1
1977,1,0,0,1,4,5,9
1978,0,1,1,0,3,6,8
1979,2,0,1,1,3,6,1
1980,2,2,0,1,3,5,0
1981,1,2,0,1,3,5,0
1982,1,2,1,1,3,6,6
1983,2,1,0,0,4,5,0
1984,0,2,0,1,3,5,0
1985,1,1,1,1,3,6,8
1986,1,0,1,0,3,6,1
1987,1,1,1,1,3,6,8
1988,0,2,0,1,3,5,0
1989,0,1,0,0,4,5,0
1990,1,2,0,1,3,5,0
1991,0,1,1,1,3,6,8
1992,2,1,1,1,3,6,8
1993,0,1,1,1,3,6,8
1994,1,2,1,1,3,6,6
1995,2,1,0,1,4,5,0
1996,0,2,0,0,3,5,0
1997,1,0,0,1,4,5,9
1998,2,1,1,1,3,6,8
1999,2,0,0,1,4,5,9
