seed,fold,condition,stage,batch,success,return,total_length,initial_length,feedback_length,response_length
0,0,duplex_curriculum,1,1,0.203125,0.203125,10.359375,3.734375,2.875,3.75
0,0,duplex_curriculum,1,2,0.21875,0.21875,10.625,3.859375,2.90625,3.859375
0,0,duplex_curriculum,1,3,0.125,0.125,10.609375,3.90625,2.84375,3.859375
0,0,duplex_curriculum,1,4,0.15625,0.15625,10.578125,3.71875,2.953125,3.90625
0,0,duplex_curriculum,1,5,0.171875,0.171875,10.625,3.875,2.84375,3.90625
0,0,duplex_curriculum,1,6,0.265625,0.265625,10.46875,3.796875,2.890625,3.78125
0,0,duplex_curriculum,1,7,0.171875,0.171875,10.53125,3.75,2.84375,3.9375
0,0,duplex_curriculum,1,8,0.25,0.25,10.34375,3.65625,2.890625,3.796875
0,0,duplex_curriculum,1,9,0.1875,0.1875,10.5,3.8125,2.96875,3.71875
0,0,duplex_curriculum,1,10,0.234375,0.234375,10.734375,3.96875,2.984375,3.78125
0,0,duplex_curriculum,1,11,0.234375,0.234375,10.578125,3.890625,2.859375,3.828125
0,0,duplex_curriculum,1,12,0.125,0.125,10.671875,3.875,3.0,3.796875
0,0,duplex_curriculum,1,13,0.09375,0.09375,10.375,3.734375,2.875,3.765625
0,0,duplex_curriculum,1,14,0.171875,0.171875,10.5,3.84375,2.9375,3.71875
0,0,duplex_curriculum,1,15,0.109375,0.109375,10.6875,3.90625,2.984375,3.796875
0,0,duplex_curriculum,1,16,0.203125,0.203125,10.734375,3.96875,3.0,3.765625
0,0,duplex_curriculum,1,17,0.265625,0.265625,10.71875,3.953125,2.828125,3.9375
0,0,duplex_curriculum,1,18,0.171875,0.171875,10.59375,3.953125,2.84375,3.796875
0,0,duplex_curriculum,1,19,0.140625,0.140625,10.65625,3.875,2.9375,3.84375
0,0,duplex_curriculum,1,20,0.109375,0.109375,10.65625,3.859375,2.984375,3.8125
0,0,duplex_curriculum,1,21,0.15625,0.15625,10.578125,3.90625,2.96875,3.703125
0,0,duplex_curriculum,1,22,0.109375,0.109375,10.71875,3.9375,2.875,3.90625
0,0,duplex_curriculum,1,23,0.15625,0.15625,10.578125,3.796875,2.921875,3.859375
0,0,duplex_curriculum,1,24,0.21875,0.21875,10.609375,3.890625,2.90625,3.8125
0,0,duplex_curriculum,1,25,0.265625,0.265625,10.765625,4.0,2.890625,3.875
0,0,duplex_curriculum,1,26,0.15625,0.15625,10.828125,3.953125,2.984375,3.890625
0,0,duplex_curriculum,1,27,0.125,0.125,10.625,3.796875,2.90625,3.921875
0,0,duplex_curriculum,1,28,0.203125,0.203125,10.703125,3.890625,2.9375,3.875
0,0,duplex_curriculum,1,29,0.234375,0.234375,10.578125,3.78125,2.9375,3.859375
0,0,duplex_curriculum,1,30,0.1875,0.1875,10.609375,3.9375,2.921875,3.75
0,0,duplex_curriculum,1,31,0.15625,0.15625,10.75,3.859375,2.984375,3.90625
0,0,duplex_curriculum,1,32,0.125,0.125,10.53125,3.78125,2.953125,3.796875
0,0,duplex_curriculum,1,33,0.171875,0.171875,10.484375,3.765625,2.90625,3.8125
0,0,duplex_curriculum,1,34,0.171875,0.171875,10.484375,3.796875,2.9375,3.75
0,0,duplex_curriculum,1,35,0.203125,0.203125,10.75,3.921875,2.984375,3.84375
0,0,duplex_curriculum,1,36,0.1875,0.1875,10.703125,3.796875,2.984375,3.921875
0,0,duplex_curriculum,1,37,0.171875,0.171875,10.53125,3.828125,2.953125,3.75
0,0,duplex_curriculum,1,38,0.171875,0.171875,10.328125,3.734375,2.875,3.71875
0,0,duplex_curriculum,1,39,0.140625,0.140625,10.796875,4.0,2.953125,3.84375
0,0,duplex_curriculum,1,40,0.140625,0.140625,10.546875,3.90625,2.953125,3.6875
0,0,duplex_curriculum,1,41,0.15625,0.15625,10.78125,3.953125,2.984375,3.84375
0,0,duplex_curriculum,1,42,0.15625,0.15625,10.75,3.875,2.921875,3.953125
0,0,duplex_curriculum,1,43,0.15625,0.15625,10.421875,3.8125,2.9375,3.671875
0,0,duplex_curriculum,1,44,0.171875,0.171875,10.640625,3.796875,2.953125,3.890625
0,0,duplex_curriculum,1,45,0.15625,0.15625,10.6875,3.953125,2.921875,3.8125
0,0,duplex_curriculum,1,46,0.15625,0.15625,10.484375,3.75,2.875,3.859375
0,0,duplex_curriculum,1,47,0.15625,0.15625,10.328125,3.921875,2.796875,3.609375
0,0,duplex_curriculum,1,48,0.140625,0.140625,10.625,3.875,2.875,3.875
0,0,duplex_curriculum,1,49,0.171875,0.171875,10.578125,3.90625,2.96875,3.703125
0,0,duplex_curriculum,1,50,0.140625,0.140625,10.71875,3.96875,2.828125,3.921875
0,0,duplex_curriculum,1,51,0.140625,0.140625,10.734375,3.890625,2.921875,3.921875
0,0,duplex_curriculum,1,52,0.171875,0.171875,10.703125,3.953125,2.90625,3.84375
0,0,duplex_curriculum,1,53,0.109375,0.109375,10.765625,3.921875,2.9375,3.90625
0,0,duplex_curriculum,1,54,0.21875,0.21875,10.703125,3.953125,2.875,3.875
0,0,duplex_curriculum,1,55,0.15625,0.15625,10.375,3.8125,2.890625,3.671875
0,0,duplex_curriculum,1,56,0.140625,0.140625,10.640625,3.875,2.84375,3.921875
0,0,duplex_curriculum,1,57,0.140625,0.140625,10.515625,3.921875,2.859375,3.734375
0,0,duplex_curriculum,1,58,0.171875,0.171875,10.53125,3.78125,2.96875,3.78125
0,0,duplex_curriculum,1,59,0.171875,0.171875,10.78125,3.890625,2.984375,3.90625
0,0,duplex_curriculum,1,60,0.21875,0.21875,10.640625,3.953125,2.921875,3.765625
0,0,duplex_curriculum,1,61,0.171875,0.171875,10.671875,3.859375,2.859375,3.953125
0,0,duplex_curriculum,1,62,0.140625,0.140625,10.5625,3.828125,2.859375,3.875
0,0,duplex_curriculum,1,63,0.1875,0.1875,10.703125,3.890625,2.921875,3.890625
0,0,duplex_curriculum,1,64,0.28125,0.28125,10.53125,3.765625,2.890625,3.875
0,0,duplex_curriculum,1,65,0.125,0.125,10.4375,3.828125,2.9375,3.671875
0,0,duplex_curriculum,1,66,0.171875,0.171875,10.671875,3.890625,2.875,3.90625
0,0,duplex_curriculum,1,67,0.109375,0.109375,10.546875,3.890625,2.84375,3.8125
0,0,duplex_curriculum,1,68,0.125,0.125,10.71875,4.0,2.953125,3.765625
0,0,duplex_curriculum,1,69,0.265625,0.265625,10.53125,3.890625,2.796875,3.84375
0,0,duplex_curriculum,1,70,0.140625,0.140625,10.71875,3.890625,3.0,3.828125
0,0,duplex_curriculum,1,71,0.1875,0.1875,10.828125,3.875,2.953125,4.0
0,0,duplex_curriculum,1,72,0.125,0.125,10.5,3.84375,2.828125,3.828125
0,0,duplex_curriculum,1,73,0.140625,0.140625,10.421875,3.703125,2.90625,3.8125
0,0,duplex_curriculum,1,74,0.09375,0.09375,10.6875,3.90625,2.921875,3.859375
0,0,duplex_curriculum,1,75,0.21875,0.21875,10.625,3.890625,2.953125,3.78125
0,0,duplex_curriculum,1,76,0.265625,0.265625,10.546875,3.8125,2.90625,3.828125
0,0,duplex_curriculum,1,77,0.234375,0.234375,10.734375,3.9375,2.875,3.921875
0,0,duplex_curriculum,1,78,0.15625,0.15625,10.546875,3.921875,2.9375,3.6875
0,0,duplex_curriculum,1,79,0.125,0.125,10.65625,3.828125,3.0,3.828125
0,0,duplex_curriculum,1,80,0.09375,0.09375,10.65625,3.90625,2.890625,3.859375
0,0,duplex_curriculum,1,81,0.171875,0.171875,10.75,3.875,2.953125,3.921875
0,0,duplex_curriculum,1,82,0.171875,0.171875,10.71875,3.921875,2.828125,3.96875
0,0,duplex_curriculum,1,83,0.09375,0.09375,10.640625,3.890625,2.984375,3.765625
0,0,duplex_curriculum,1,84,0.171875,0.171875,10.59375,3.90625,2.9375,3.75
0,0,duplex_curriculum,1,85,0.171875,0.171875,10.515625,3.671875,2.953125,3.890625
0,0,duplex_curriculum,1,86,0.1875,0.1875,10.625,3.90625,2.921875,3.796875
0,0,duplex_curriculum,1,87,0.15625,0.15625,10.640625,3.796875,2.9375,3.90625
0,0,duplex_curriculum,1,88,0.125,0.125,10.671875,3.984375,2.8125,3.875
0,0,duplex_curriculum,1,89,0.25,0.25,10.484375,3.78125,2.953125,3.75
0,0,duplex_curriculum,1,90,0.203125,0.203125,10.625,3.84375,2.953125,3.828125
0,0,duplex_curriculum,1,91,0.140625,0.140625,10.609375,3.828125,3.0,3.78125
0,0,duplex_curriculum,1,92,0.15625,0.15625,10.671875,3.875,2.9375,3.859375
0,0,duplex_curriculum,1,93,0.21875,0.21875,10.59375,3.78125,2.9375,3.875
0,0,duplex_curriculum,1,94,0.171875,0.171875,10.515625,3.84375,2.90625,3.765625
0,0,duplex_curriculum,1,95,0.171875,0.171875,10.671875,3.859375,2.890625,3.921875
0,0,duplex_curriculum,1,96,0.078125,0.078125,10.578125,3.78125,2.984375,3.8125
0,0,duplex_curriculum,1,97,0.21875,0.21875,10.734375,3.953125,2.90625,3.875
0,0,duplex_curriculum,1,98,0.140625,0.140625,10.578125,3.875,2.9375,3.765625
0,0,duplex_curriculum,1,99,0.140625,0.140625,10.609375,3.84375,2.875,3.890625
0,0,duplex_curriculum,1,100,0.140625,0.140625,10.484375,3.84375,2.875,3.765625
0,0,duplex_curriculum,1,101,0.125,0.125,10.578125,3.90625,2.828125,3.84375
0,0,duplex_curriculum,1,102,0.140625,0.140625,10.671875,3.890625,2.90625,3.875
0,0,duplex_curriculum,1,103,0.203125,0.203125,10.5625,3.84375,3.0,3.71875
0,0,duplex_curriculum,1,104,0.1875,0.1875,10.53125,3.890625,2.90625,3.734375
0,0,duplex_curriculum,1,105,0.125,0.125,10.6875,3.890625,2.984375,3.8125
0,0,duplex_curriculum,1,106,0.15625,0.15625,10.578125,3.765625,2.953125,3.859375
0,0,duplex_curriculum,1,107,0.28125,0.28125,10.453125,3.859375,2.8125,3.78125
0,0,duplex_curriculum,1,108,0.171875,0.171875,10.609375,3.78125,2.890625,3.9375
0,0,duplex_curriculum,1,109,0.265625,0.265625,10.484375,3.734375,2.921875,3.828125
0,0,duplex_curriculum,1,110,0.09375,0.09375,10.75,3.953125,2.921875,3.875
0,0,duplex_curriculum,1,111,0.21875,0.21875,10.515625,3.828125,2.859375,3.828125
0,0,duplex_curriculum,1,112,0.0625,0.0625,10.546875,3.75,2.828125,3.96875
0,0,duplex_curriculum,1,113,0.09375,0.09375,10.453125,3.734375,2.9375,3.78125
0,0,duplex_curriculum,1,114,0.21875,0.21875,10.84375,3.890625,2.96875,3.984375
0,0,duplex_curriculum,1,115,0.171875,0.171875,10.75,3.953125,2.953125,3.84375
0,0,duplex_curriculum,1,116,0.25,0.25,10.796875,3.953125,2.953125,3.890625
0,0,duplex_curriculum,1,117,0.171875,0.171875,10.59375,3.890625,2.96875,3.734375
0,0,duplex_curriculum,1,118,0.171875,0.171875,10.453125,3.90625,2.9375,3.609375
0,0,duplex_curriculum,1,119,0.1875,0.1875,10.65625,3.890625,2.953125,3.8125
0,0,duplex_curriculum,1,120,0.15625,0.15625,10.953125,3.984375,3.0,3.96875
0,0,duplex_curriculum,1,121,0.140625,0.140625,10.53125,3.890625,2.890625,3.75
0,0,duplex_curriculum,1,122,0.1875,0.1875,10.6875,3.875,2.90625,3.90625
0,0,duplex_curriculum,1,123,0.203125,0.203125,10.765625,3.90625,2.984375,3.875
0,0,duplex_curriculum,1,124,0.171875,0.171875,10.4375,3.796875,2.828125,3.8125
0,0,duplex_curriculum,1,125,0.21875,0.21875,10.71875,3.953125,2.890625,3.875
0,0,duplex_curriculum,1,126,0.203125,0.203125,10.421875,3.921875,2.875,3.625
0,0,duplex_curriculum,1,127,0.140625,0.140625,10.65625,3.90625,2.90625,3.84375
0,0,duplex_curriculum,1,128,0.234375,0.234375,10.171875,3.890625,2.859375,3.421875
0,0,duplex_curriculum,1,129,0.171875,0.171875,10.546875,3.890625,2.859375,3.796875
0,0,duplex_curriculum,1,130,0.171875,0.171875,10.328125,3.84375,2.921875,3.5625
0,0,duplex_curriculum,1,131,0.25,0.25,10.546875,3.84375,2.9375,3.765625
0,0,duplex_curriculum,1,132,0.1875,0.1875,10.65625,3.78125,2.984375,3.890625
0,0,duplex_curriculum,1,133,0.140625,0.140625,10.390625,3.84375,2.921875,3.625
0,0,duplex_curriculum,1,134,0.1875,0.1875,10.75,3.921875,2.859375,3.96875
0,0,duplex_curriculum,1,135,0.171875,0.171875,10.421875,3.6875,2.828125,3.90625
0,0,duplex_curriculum,1,136,0.15625,0.15625,10.75,3.953125,2.953125,3.84375
0,0,duplex_curriculum,1,137,0.203125,0.203125,10.765625,3.8125,2.96875,3.984375
0,0,duplex_curriculum,1,138,0.15625,0.15625,10.5,3.765625,3.0,3.734375
0,0,duplex_curriculum,1,139,0.171875,0.171875,10.640625,3.90625,2.984375,3.75
0,0,duplex_curriculum,1,140,0.15625,0.15625,10.375,3.71875,2.90625,3.75
0,0,duplex_curriculum,1,141,0.15625,0.15625,10.75,3.953125,2.890625,3.90625
0,0,duplex_curriculum,1,142,0.15625,0.15625,10.421875,3.671875,2.953125,3.796875
0,0,duplex_curriculum,1,143,0.09375,0.09375,10.46875,3.859375,2.921875,3.6875
0,0,duplex_curriculum,1,144,0.140625,0.140625,10.59375,3.78125,2.875,3.9375
0,0,duplex_curriculum,1,145,0.171875,0.171875,10.84375,3.90625,2.953125,3.984375
0,0,duplex_curriculum,1,146,0.15625,0.15625,10.703125,3.859375,2.984375,3.859375
0,0,duplex_curriculum,1,147,0.15625,0.15625,10.5,3.90625,2.921875,3.671875
0,0,duplex_curriculum,1,148,0.171875,0.171875,10.609375,3.828125,2.953125,3.828125
0,0,duplex_curriculum,1,149,0.1875,0.1875,10.765625,4.0,2.96875,3.796875
0,0,duplex_curriculum,1,150,0.140625,0.140625,10.640625,3.953125,2.921875,3.765625
0,0,duplex_curriculum,1,151,0.21875,0.21875,10.4375,3.8125,2.828125,3.796875
0,0,duplex_curriculum,1,152,0.140625,0.140625,10.5,3.78125,2.90625,3.8125
0,0,duplex_curriculum,1,153,0.125,0.125,10.625,3.75,2.9375,3.9375
0,0,duplex_curriculum,1,154,0.09375,0.09375,10.8125,3.875,2.96875,3.96875
0,0,duplex_curriculum,1,155,0.203125,0.203125,10.53125,3.921875,2.859375,3.75
0,0,duplex_curriculum,1,156,0.15625,0.15625,10.703125,3.859375,2.953125,3.890625
0,0,duplex_curriculum,1,157,0.1875,0.1875,10.71875,3.859375,2.890625,3.96875
0,0,duplex_curriculum,1,158,0.140625,0.140625,10.578125,3.71875,3.0,3.859375
0,0,duplex_curriculum,1,159,0.1875,0.1875,10.59375,3.84375,2.890625,3.859375
0,0,duplex_curriculum,1,160,0.140625,0.140625,10.734375,3.875,3.0,3.859375
0,0,duplex_curriculum,1,161,0.171875,0.171875,10.53125,3.796875,2.953125,3.78125
0,0,duplex_curriculum,1,162,0.203125,0.203125,10.609375,3.78125,2.90625,3.921875
0,0,duplex_curriculum,1,163,0.234375,0.234375,10.5625,3.90625,2.90625,3.75
0,0,duplex_curriculum,1,164,0.203125,0.203125,10.578125,3.890625,2.859375,3.828125
0,0,duplex_curriculum,1,165,0.234375,0.234375,10.765625,3.890625,3.0,3.875
0,0,duplex_curriculum,1,166,0.25,0.25,10.46875,3.796875,2.859375,3.8125
0,0,duplex_curriculum,1,167,0.171875,0.171875,10.78125,3.96875,2.9375,3.875
0,0,duplex_curriculum,1,168,0.234375,0.234375,10.515625,3.828125,2.953125,3.734375
0,0,duplex_curriculum,1,169,0.125,0.125,10.71875,3.796875,2.9375,3.984375
0,0,duplex_curriculum,1,170,0.15625,0.15625,10.71875,3.96875,3.0,3.75
0,0,duplex_curriculum,1,171,0.21875,0.21875,10.625,3.828125,2.859375,3.9375
0,0,duplex_curriculum,1,172,0.109375,0.109375,10.859375,4.0,2.90625,3.953125
0,0,duplex_curriculum,1,173,0.109375,0.109375,10.6875,3.8125,2.96875,3.90625
0,0,duplex_curriculum,1,174,0.171875,0.171875,10.515625,3.6875,3.0,3.828125
0,0,duplex_curriculum,1,175,0.125,0.125,10.765625,3.828125,3.0,3.9375
0,0,duplex_curriculum,1,176,0.15625,0.15625,10.84375,3.875,2.984375,3.984375
0,0,duplex_curriculum,1,177,0.203125,0.203125,10.75,3.9375,2.96875,3.84375
0,0,duplex_curriculum,1,178,0.21875,0.21875,10.5,3.9375,2.890625,3.671875
0,0,duplex_curriculum,1,179,0.265625,0.265625,10.40625,3.78125,2.828125,3.796875
0,0,duplex_curriculum,1,180,0.125,0.125,10.515625,3.75,2.984375,3.78125
0,0,duplex_curriculum,1,181,0.125,0.125,10.671875,3.875,2.84375,3.953125
0,0,duplex_curriculum,1,182,0.140625,0.140625,10.65625,3.84375,2.859375,3.953125
0,0,duplex_curriculum,1,183,0.078125,0.078125,10.65625,3.921875,2.953125,3.78125
0,0,duplex_curriculum,1,184,0.15625,0.15625,10.53125,3.828125,2.9375,3.765625
0,0,duplex_curriculum,1,185,0.15625,0.15625,10.6875,3.890625,2.953125,3.84375
0,0,duplex_curriculum,1,186,0.203125,0.203125,10.640625,3.765625,2.96875,3.90625
0,0,duplex_curriculum,1,187,0.15625,0.15625,10.671875,3.921875,2.921875,3.828125
0,0,duplex_curriculum,1,188,0.234375,0.234375,10.421875,3.828125,2.84375,3.75
0,0,duplex_curriculum,1,189,0.140625,0.140625,10.65625,3.84375,2.9375,3.875
0,0,duplex_curriculum,1,190,0.125,0.125,10.734375,3.921875,2.921875,3.890625
0,0,duplex_curriculum,1,191,0.28125,0.28125,10.640625,3.765625,2.921875,3.953125
0,0,duplex_curriculum,1,192,0.265625,0.265625,10.71875,3.84375,2.921875,3.953125
0,0,duplex_curriculum,1,193,0.15625,0.15625,10.609375,3.921875,2.921875,3.765625
0,0,duplex_curriculum,1,194,0.140625,0.140625,10.546875,3.71875,2.953125,3.875
0,0,duplex_curriculum,1,195,0.140625,0.140625,10.6875,3.90625,2.890625,3.890625
0,0,duplex_curriculum,1,196,0.15625,0.15625,10.734375,3.9375,2.875,3.921875
0,0,duplex_curriculum,1,197,0.203125,0.203125,10.3125,3.765625,2.84375,3.703125
0,0,duplex_curriculum,1,198,0.09375,0.09375,10.8125,3.9375,3.0,3.875
0,0,duplex_curriculum,1,199,0.140625,0.140625,10.671875,3.859375,2.921875,3.890625
0,0,duplex_curriculum,1,200,0.078125,0.078125,10.5,3.765625,2.96875,3.765625
0,0,duplex_curriculum,1,201,0.265625,0.265625,10.609375,3.859375,2.9375,3.8125
0,0,duplex_curriculum,1,202,0.1875,0.1875,10.5625,3.984375,2.875,3.703125
0,0,duplex_curriculum,1,203,0.1875,0.1875,10.640625,3.765625,2.9375,3.9375
0,0,duplex_curriculum,1,204,0.125,0.125,10.671875,3.875,2.890625,3.90625
0,0,duplex_curriculum,1,205,0.1875,0.1875,10.671875,3.859375,3.0,3.8125
0,0,duplex_curriculum,1,206,0.234375,0.234375,10.890625,4.0,2.984375,3.90625
0,0,duplex_curriculum,1,207,0.171875,0.171875,10.6875,3.890625,2.953125,3.84375
0,0,duplex_curriculum,1,208,0.109375,0.109375,10.515625,3.765625,2.90625,3.84375
0,0,duplex_curriculum,1,209,0.21875,0.21875,10.40625,3.65625,3.0,3.75
0,0,duplex_curriculum,1,210,0.15625,0.15625,10.640625,3.8125,2.890625,3.9375
0,0,duplex_curriculum,1,211,0.140625,0.140625,10.703125,4.0,2.921875,3.78125
0,0,duplex_curriculum,1,212,0.109375,0.109375,10.71875,3.890625,2.984375,3.84375
0,0,duplex_curriculum,1,213,0.234375,0.234375,10.375,3.828125,2.890625,3.65625
0,0,duplex_curriculum,1,214,0.1875,0.1875,10.65625,3.890625,2.9375,3.828125
0,0,duplex_curriculum,1,215,0.140625,0.140625,10.625,3.84375,2.96875,3.8125
0,0,duplex_curriculum,1,216,0.203125,0.203125,10.6875,3.921875,2.921875,3.84375
0,0,duplex_curriculum,1,217,0.171875,0.171875,10.640625,3.6875,2.984375,3.96875
0,0,duplex_curriculum,1,218,0.140625,0.140625,10.59375,3.875,2.953125,3.765625
0,0,duplex_curriculum,1,219,0.109375,0.109375,10.765625,3.90625,2.921875,3.9375
0,0,duplex_curriculum,1,220,0.15625,0.15625,10.75,3.875,2.9375,3.9375
0,0,duplex_curriculum,1,221,0.140625,0.140625,10.59375,3.8125,2.8125,3.96875
0,0,duplex_curriculum,1,222,0.140625,0.140625,10.640625,3.921875,2.921875,3.796875
0,0,duplex_curriculum,1,223,0.171875,0.171875,10.59375,3.9375,2.859375,3.796875
0,0,duplex_curriculum,1,224,0.171875,0.171875,10.84375,4.0,2.953125,3.890625
0,0,duplex_curriculum,1,225,0.125,0.125,10.484375,3.671875,2.859375,3.953125
0,0,duplex_curriculum,1,226,0.140625,0.140625,10.703125,3.984375,2.890625,3.828125
0,0,duplex_curriculum,1,227,0.140625,0.140625,10.65625,3.875,2.984375,3.796875
0,0,duplex_curriculum,1,228,0.25,0.25,10.390625,3.765625,2.84375,3.78125
0,0,duplex_curriculum,1,229,0.15625,0.15625,10.5625,3.765625,2.828125,3.96875
0,0,duplex_curriculum,1,230,0.140625,0.140625,10.625,3.875,2.9375,3.8125
0,0,duplex_curriculum,1,231,0.1875,0.1875,10.421875,3.921875,2.875,3.625
0,0,duplex_curriculum,1,232,0.171875,0.171875,10.765625,3.921875,3.0,3.84375
0,0,duplex_curriculum,1,233,0.203125,0.203125,10.40625,3.78125,2.921875,3.703125
0,0,duplex_curriculum,1,234,0.15625,0.15625,10.828125,3.9375,2.96875,3.921875
0,0,duplex_curriculum,1,235,0.171875,0.171875,10.75,3.984375,3.0,3.765625
0,0,duplex_curriculum,1,236,0.171875,0.171875,10.5625,3.765625,2.921875,3.875
0,0,duplex_curriculum,1,237,0.125,0.125,10.71875,3.921875,2.96875,3.828125
0,0,duplex_curriculum,1,238,0.234375,0.234375,10.515625,3.828125,2.890625,3.796875
0,0,duplex_curriculum,1,239,0.125,0.125,10.671875,3.921875,2.890625,3.859375
0,0,duplex_curriculum,1,240,0.171875,0.171875,10.625,3.84375,2.953125,3.828125
0,0,duplex_curriculum,1,241,0.21875,0.21875,10.6875,3.90625,2.9375,3.84375
0,0,duplex_curriculum,1,242,0.171875,0.171875,10.609375,3.984375,2.90625,3.71875
0,0,duplex_curriculum,1,243,0.15625,0.15625,10.859375,3.921875,3.0,3.9375
0,0,duplex_curriculum,1,244,0.15625,0.15625,10.734375,3.875,2.953125,3.90625
0,0,duplex_curriculum,1,245,0.171875,0.171875,10.640625,3.9375,2.984375,3.71875
0,0,duplex_curriculum,1,246,0.125,0.125,10.609375,3.921875,2.921875,3.765625
0,0,duplex_curriculum,1,247,0.171875,0.171875,10.625,3.6875,3.0,3.9375
0,0,duplex_curriculum,1,248,0.171875,0.171875,10.5625,3.703125,2.90625,3.953125
0,0,duplex_curriculum,1,249,0.125,0.125,10.640625,3.84375,2.96875,3.828125
0,0,duplex_curriculum,1,250,0.234375,0.234375,10.734375,4.0,2.875,3.859375
0,0,duplex_curriculum,1,251,0.171875,0.171875,10.65625,3.875,2.796875,3.984375
0,0,duplex_curriculum,1,252,0.171875,0.171875,10.8125,3.96875,2.875,3.96875
0,0,duplex_curriculum,1,253,0.15625,0.15625,10.65625,3.8125,2.984375,3.859375
0,0,duplex_curriculum,1,254,0.203125,0.203125,10.546875,3.828125,2.828125,3.890625
0,0,duplex_curriculum,1,255,0.125,0.125,10.703125,3.921875,2.96875,3.8125
0,0,duplex_curriculum,1,256,0.21875,0.21875,10.609375,3.765625,2.953125,3.890625
0,0,duplex_curriculum,1,257,0.140625,0.140625,10.5,3.65625,2.921875,3.921875
0,0,duplex_curriculum,1,258,0.15625,0.15625,10.671875,3.90625,2.921875,3.84375
0,0,duplex_curriculum,1,259,0.171875,0.171875,10.828125,3.828125,3.0,4.0
0,0,duplex_curriculum,1,260,0.21875,0.21875,10.640625,3.8125,2.921875,3.90625
0,0,duplex_curriculum,1,261,0.140625,0.140625,10.53125,3.78125,2.921875,3.828125
0,0,duplex_curriculum,1,262,0.25,0.25,10.5,3.703125,2.921875,3.875
0,0,duplex_curriculum,1,263,0.109375,0.109375,10.6875,3.859375,2.859375,3.96875
0,0,duplex_curriculum,1,264,0.203125,0.203125,10.546875,3.796875,2.875,3.875
0,0,duplex_curriculum,1,265,0.15625,0.15625,10.671875,3.890625,2.90625,3.875
0,0,duplex_curriculum,1,266,0.109375,0.109375,10.53125,3.828125,2.890625,3.8125
0,0,duplex_curriculum,1,267,0.21875,0.21875,10.453125,3.859375,2.921875,3.671875
0,0,duplex_curriculum,1,268,0.1875,0.1875,10.75,3.96875,2.96875,3.8125
0,0,duplex_curriculum,1,269,0.171875,0.171875,10.515625,3.671875,2.984375,3.859375
0,0,duplex_curriculum,1,270,0.140625,0.140625,10.328125,3.640625,2.9375,3.75
0,0,duplex_curriculum,1,271,0.15625,0.15625,10.484375,3.75,2.921875,3.8125
0,0,duplex_curriculum,1,272,0.171875,0.171875,10.53125,3.921875,2.8125,3.796875
0,0,duplex_curriculum,1,273,0.15625,0.15625,10.640625,3.859375,2.90625,3.875
0,0,duplex_curriculum,1,274,0.171875,0.171875,10.515625,3.75,2.953125,3.8125
0,0,duplex_curriculum,1,275,0.25,0.25,10.71875,3.90625,2.9375,3.875
0,0,duplex_curriculum,1,276,0.109375,0.109375,10.515625,3.734375,2.921875,3.859375
0,0,duplex_curriculum,1,277,0.15625,0.15625,10.65625,3.828125,2.96875,3.859375
0,0,duplex_curriculum,1,278,0.15625,0.15625,10.78125,3.859375,2.953125,3.96875
0,0,duplex_curriculum,1,279,0.1875,0.1875,10.765625,3.890625,2.96875,3.90625
0,0,duplex_curriculum,1,280,0.15625,0.15625,10.703125,3.90625,2.984375,3.8125
0,0,duplex_curriculum,1,281,0.15625,0.15625,10.875,3.953125,2.984375,3.9375
0,0,duplex_curriculum,1,282,0.078125,0.078125,10.5625,3.875,2.859375,3.828125
0,0,duplex_curriculum,1,283,0.171875,0.171875,10.75,3.875,2.953125,3.921875
0,0,duplex_curriculum,1,284,0.203125,0.203125,10.40625,3.796875,2.90625,3.703125
0,0,duplex_curriculum,1,285,0.15625,0.15625,10.609375,3.8125,2.890625,3.90625
0,0,duplex_curriculum,1,286,0.109375,0.109375,10.671875,3.890625,2.921875,3.859375
0,0,duplex_curriculum,1,287,0.109375,0.109375,10.53125,3.75,2.921875,3.859375
0,0,duplex_curriculum,1,288,0.125,0.125,10.65625,3.8125,2.953125,3.890625
0,0,duplex_curriculum,1,289,0.171875,0.171875,10.5,3.8125,2.921875,3.765625
0,0,duplex_curriculum,1,290,0.171875,0.171875,10.609375,3.9375,2.96875,3.703125
0,0,duplex_curriculum,1,291,0.265625,0.265625,10.375,3.5625,2.875,3.9375
0,0,duplex_curriculum,1,292,0.15625,0.15625,10.671875,3.84375,2.890625,3.9375
0,0,duplex_curriculum,1,293,0.21875,0.21875,10.390625,3.671875,2.765625,3.953125
0,0,duplex_curriculum,1,294,0.15625,0.15625,10.28125,3.6875,2.875,3.71875
0,0,duplex_curriculum,1,295,0.15625,0.15625,10.640625,3.84375,2.921875,3.875
0,0,duplex_curriculum,1,296,0.140625,0.140625,10.25,3.8125,2.828125,3.609375
0,0,duplex_curriculum,1,297,0.171875,0.171875,10.5625,3.8125,2.890625,3.859375
0,0,duplex_curriculum,1,298,0.15625,0.15625,10.75,3.890625,2.921875,3.9375
0,0,duplex_curriculum,1,299,0.1875,0.1875,10.484375,3.75,2.921875,3.8125
0,0,duplex_curriculum,1,300,0.21875,0.21875,10.59375,3.84375,2.9375,3.8125
0,0,duplex_curriculum,1,301,0.265625,0.265625,10.375,3.703125,2.84375,3.828125
0,0,duplex_curriculum,1,302,0.125,0.125,10.5625,3.75,2.921875,3.890625
0,0,duplex_curriculum,1,303,0.15625,0.15625,10.84375,3.875,2.96875,4.0
0,0,duplex_curriculum,1,304,0.265625,0.265625,10.375,3.765625,2.875,3.734375
0,0,duplex_curriculum,1,305,0.171875,0.171875,10.578125,3.8125,2.828125,3.9375
0,0,duplex_curriculum,1,306,0.125,0.125,10.65625,3.765625,2.984375,3.90625
0,0,duplex_curriculum,1,307,0.171875,0.171875,10.71875,3.859375,2.984375,3.875
0,0,duplex_curriculum,1,308,0.203125,0.203125,10.484375,3.78125,2.9375,3.765625
0,0,duplex_curriculum,1,309,0.15625,0.15625,10.453125,3.625,2.875,3.953125
0,0,duplex_curriculum,1,310,0.171875,0.171875,10.390625,3.859375,2.953125,3.578125
0,0,duplex_curriculum,1,311,0.1875,0.1875,10.484375,3.6875,2.953125,3.84375
0,0,duplex_curriculum,1,312,0.25,0.25,10.53125,3.828125,2.78125,3.921875
0,0,duplex_curriculum,1,313,0.234375,0.234375,10.828125,3.9375,2.90625,3.984375
0,0,duplex_curriculum,1,314,0.15625,0.15625,10.796875,3.9375,2.96875,3.890625
0,0,duplex_curriculum,1,315,0.109375,0.109375,10.59375,3.828125,2.9375,3.828125
0,0,duplex_curriculum,1,316,0.171875,0.171875,10.609375,3.8125,2.828125,3.96875
0,0,duplex_curriculum,1,317,0.09375,0.09375,10.59375,3.859375,2.890625,3.84375
0,0,duplex_curriculum,1,318,0.1875,0.1875,10.546875,3.84375,2.96875,3.734375
0,0,duplex_curriculum,1,319,0.15625,0.15625,10.796875,3.953125,2.921875,3.921875
0,0,duplex_curriculum,1,320,0.15625,0.15625,10.625,3.765625,3.0,3.859375
0,0,duplex_curriculum,1,321,0.15625,0.15625,10.1875,3.5625,2.859375,3.765625
0,0,duplex_curriculum,1,322,0.140625,0.140625,10.90625,4.0,2.96875,3.9375
0,0,duplex_curriculum,1,323,0.15625,0.15625,10.703125,3.9375,2.90625,3.859375
0,0,duplex_curriculum,1,324,0.1875,0.1875,10.734375,3.875,2.953125,3.90625
0,0,duplex_curriculum,1,325,0.171875,0.171875,10.484375,3.890625,2.765625,3.828125
0,0,duplex_curriculum,1,326,0.15625,0.15625,10.65625,3.921875,2.890625,3.84375
0,0,duplex_curriculum,1,327,0.28125,0.28125,10.671875,3.828125,2.921875,3.921875
0,0,duplex_curriculum,1,328,0.203125,0.203125,10.75,3.890625,2.96875,3.890625
0,0,duplex_curriculum,1,329,0.171875,0.171875,10.765625,3.875,2.921875,3.96875
0,0,duplex_curriculum,1,330,0.125,0.125,10.59375,3.9375,2.875,3.78125
0,0,duplex_curriculum,1,331,0.25,0.25,10.671875,3.96875,2.890625,3.8125
0,0,duplex_curriculum,1,332,0.109375,0.109375,10.5625,3.828125,2.921875,3.8125
0,0,duplex_curriculum,1,333,0.171875,0.171875,10.515625,3.84375,2.90625,3.765625
0,0,duplex_curriculum,1,334,0.078125,0.078125,10.734375,3.8125,2.953125,3.96875
0,0,duplex_curriculum,1,335,0.203125,0.203125,10.46875,3.765625,2.890625,3.8125
0,0,duplex_curriculum,1,336,0.1875,0.1875,10.65625,3.8125,3.0,3.84375
0,0,duplex_curriculum,1,337,0.140625,0.140625,10.609375,3.875,2.90625,3.828125
0,0,duplex_curriculum,1,338,0.21875,0.21875,10.5,3.84375,2.9375,3.71875
0,0,duplex_curriculum,1,339,0.171875,0.171875,10.65625,3.859375,3.0,3.796875
0,0,duplex_curriculum,1,340,0.15625,0.15625,10.671875,3.875,3.0,3.796875
0,0,duplex_curriculum,1,341,0.15625,0.15625,10.734375,3.953125,2.921875,3.859375
0,0,duplex_curriculum,1,342,0.203125,0.203125,10.75,3.875,3.0,3.875
0,0,duplex_curriculum,1,343,0.203125,0.203125,10.65625,3.9375,2.9375,3.78125
0,0,duplex_curriculum,1,344,0.15625,0.15625,10.796875,3.96875,2.953125,3.875
0,0,duplex_curriculum,1,345,0.109375,0.109375,10.609375,3.859375,2.9375,3.8125
0,0,duplex_curriculum,1,346,0.15625,0.15625,10.5,3.921875,2.84375,3.734375
0,0,duplex_curriculum,1,347,0.15625,0.15625,10.703125,3.890625,2.984375,3.828125
0,0,duplex_curriculum,1,348,0.1875,0.1875,10.609375,3.84375,2.890625,3.875
0,0,duplex_curriculum,1,349,0.078125,0.078125,10.578125,3.8125,2.953125,3.8125
0,0,duplex_curriculum,1,350,0.203125,0.203125,10.484375,3.84375,2.84375,3.796875
0,0,duplex_curriculum,1,351,0.140625,0.140625,10.421875,3.828125,2.765625,3.828125
0,0,duplex_curriculum,1,352,0.28125,0.28125,10.65625,3.90625,2.921875,3.828125
0,0,duplex_curriculum,1,353,0.203125,0.203125,10.40625,3.734375,2.8125,3.859375
0,0,duplex_curriculum,1,354,0.109375,0.109375,10.59375,3.890625,3.0,3.703125
0,0,duplex_curriculum,1,355,0.1875,0.1875,10.328125,3.765625,2.9375,3.625
0,0,duplex_curriculum,1,356,0.09375,0.09375,10.609375,3.875,3.0,3.734375
0,0,duplex_curriculum,1,357,0.140625,0.140625,10.484375,3.84375,2.90625,3.734375
0,0,duplex_curriculum,1,358,0.125,0.125,10.421875,3.78125,2.890625,3.75
0,0,duplex_curriculum,1,359,0.203125,0.203125,10.65625,3.90625,2.953125,3.796875
0,0,duplex_curriculum,1,360,0.203125,0.203125,10.65625,3.890625,2.890625,3.875
0,0,duplex_curriculum,1,361,0.140625,0.140625,10.328125,3.75,2.859375,3.71875
0,0,duplex_curriculum,1,362,0.265625,0.265625,10.65625,3.9375,2.859375,3.859375
0,0,duplex_curriculum,1,363,0.234375,0.234375,10.53125,3.9375,2.796875,3.796875
0,0,duplex_curriculum,1,364,0.203125,0.203125,10.71875,3.8125,2.984375,3.921875
0,0,duplex_curriculum,1,365,0.171875,0.171875,10.625,3.828125,2.9375,3.859375
0,0,duplex_curriculum,1,366,0.171875,0.171875,10.515625,3.703125,2.859375,3.953125
0,0,duplex_curriculum,1,367,0.265625,0.265625,10.46875,3.84375,2.84375,3.78125
0,0,duplex_curriculum,1,368,0.171875,0.171875,10.765625,3.921875,2.96875,3.875
0,0,duplex_curriculum,1,369,0.21875,0.21875,10.40625,3.8125,2.75,3.84375
0,0,duplex_curriculum,1,370,0.203125,0.203125,10.515625,3.890625,2.828125,3.796875
0,0,duplex_curriculum,1,371,0.15625,0.15625,10.484375,3.765625,2.90625,3.8125
0,0,duplex_curriculum,1,372,0.09375,0.09375,10.625,3.875,2.890625,3.859375
0,0,duplex_curriculum,1,373,0.171875,0.171875,10.625,3.921875,2.828125,3.875
0,0,duplex_curriculum,1,374,0.1875,0.1875,10.671875,3.921875,2.921875,3.828125
0,0,duplex_curriculum,1,375,0.203125,0.203125,10.515625,3.734375,2.90625,3.875
0,0,duplex_curriculum,1,376,0.15625,0.15625,10.421875,3.828125,2.84375,3.75
0,0,duplex_curriculum,1,377,0.25,0.25,10.609375,3.875,2.828125,3.90625
0,0,duplex_curriculum,1,378,0.15625,0.15625,10.71875,3.84375,2.953125,3.921875
0,0,duplex_curriculum,1,379,0.21875,0.21875,10.6875,3.890625,2.859375,3.9375
0,0,duplex_curriculum,1,380,0.203125,0.203125,10.5625,3.796875,2.875,3.890625
0,0,duplex_curriculum,1,381,0.203125,0.203125,10.5625,3.78125,2.875,3.90625
0,0,duplex_curriculum,1,382,0.140625,0.140625,10.6875,3.90625,2.96875,3.8125
0,0,duplex_curriculum,1,383,0.078125,0.078125,10.53125,3.6875,2.953125,3.890625
0,0,duplex_curriculum,1,384,0.1875,0.1875,10.796875,3.90625,2.96875,3.921875
0,0,duplex_curriculum,1,385,0.171875,0.171875,10.734375,3.859375,2.921875,3.953125
0,0,duplex_curriculum,1,386,0.1875,0.1875,10.734375,3.96875,2.84375,3.921875
0,0,duplex_curriculum,1,387,0.078125,0.078125,10.59375,3.78125,2.921875,3.890625
0,0,duplex_curriculum,1,388,0.125,0.125,10.890625,3.96875,2.953125,3.96875
0,0,duplex_curriculum,1,389,0.265625,0.265625,10.59375,3.828125,2.9375,3.828125
0,0,duplex_curriculum,1,390,0.125,0.125,10.75,3.953125,2.890625,3.90625
0,0,duplex_curriculum,1,391,0.265625,0.265625,10.765625,4.0,2.984375,3.78125
0,0,duplex_curriculum,1,392,0.171875,0.171875,10.609375,3.8125,2.890625,3.90625
0,0,duplex_curriculum,1,393,0.171875,0.171875,10.4375,3.703125,2.96875,3.765625
0,0,duplex_curriculum,1,394,0.078125,0.078125,10.765625,3.859375,2.953125,3.953125
0,0,duplex_curriculum,1,395,0.09375,0.09375,10.546875,3.84375,2.84375,3.859375
0,0,duplex_curriculum,1,396,0.171875,0.171875,10.5625,3.875,2.90625,3.78125
0,0,duplex_curriculum,1,397,0.15625,0.15625,10.296875,3.734375,2.84375,3.71875
0,0,duplex_curriculum,1,398,0.1875,0.1875,10.40625,3.671875,2.953125,3.78125
0,0,duplex_curriculum,1,399,0.203125,0.203125,10.375,3.734375,2.953125,3.6875
0,0,duplex_curriculum,1,400,0.140625,0.140625,10.59375,3.859375,2.96875,3.765625
0,0,duplex_curriculum,1,401,0.203125,0.203125,10.71875,3.875,2.921875,3.921875
0,0,duplex_curriculum,1,402,0.265625,0.265625,10.765625,3.984375,2.953125,3.828125
0,0,duplex_curriculum,1,403,0.125,0.125,10.734375,3.859375,2.90625,3.96875
0,0,duplex_curriculum,1,404,0.1875,0.1875,10.671875,3.921875,2.953125,3.796875
0,0,duplex_curriculum,1,405,0.140625,0.140625,10.609375,3.78125,2.9375,3.890625
0,0,duplex_curriculum,1,406,0.234375,0.234375,10.546875,3.8125,2.859375,3.875
0,0,duplex_curriculum,1,407,0.109375,0.109375,10.734375,3.890625,2.90625,3.9375
0,0,duplex_curriculum,1,408,0.203125,0.203125,10.65625,3.859375,2.96875,3.828125
0,0,duplex_curriculum,1,409,0.15625,0.15625,10.390625,3.6875,2.890625,3.8125
0,0,duplex_curriculum,1,410,0.171875,0.171875,10.65625,3.84375,2.859375,3.953125
0,0,duplex_curriculum,1,411,0.171875,0.171875,10.65625,3.8125,3.0,3.84375
0,0,duplex_curriculum,1,412,0.140625,0.140625,10.390625,3.75,2.84375,3.796875
0,0,duplex_curriculum,1,413,0.171875,0.171875,10.703125,3.890625,2.953125,3.859375
0,0,duplex_curriculum,1,414,0.15625,0.15625,10.671875,3.75,3.0,3.921875
0,0,duplex_curriculum,1,415,0.15625,0.15625,10.625,3.9375,2.90625,3.78125
0,0,duplex_curriculum,1,416,0.109375,0.109375,10.5,3.734375,2.953125,3.8125
0,0,duplex_curriculum,1,417,0.140625,0.140625,10.6875,3.828125,2.9375,3.921875
0,0,duplex_curriculum,1,418,0.171875,0.171875,10.578125,3.84375,2.921875,3.8125
0,0,duplex_curriculum,1,419,0.15625,0.15625,10.71875,3.8125,3.0,3.90625
0,0,duplex_curriculum,1,420,0.15625,0.15625,10.5625,3.8125,2.984375,3.765625
0,0,duplex_curriculum,1,421,0.265625,0.265625,10.765625,3.890625,2.984375,3.890625
0,0,duplex_curriculum,1,422,0.171875,0.171875,10.515625,3.71875,2.921875,3.875
0,0,duplex_curriculum,1,423,0.1875,0.1875,10.6875,3.890625,2.921875,3.875
0,0,duplex_curriculum,1,424,0.296875,0.296875,10.515625,3.84375,2.953125,3.71875
0,0,duplex_curriculum,1,425,0.09375,0.09375,10.671875,3.734375,3.0,3.9375
0,0,duplex_curriculum,1,426,0.1875,0.1875,10.734375,3.890625,2.90625,3.9375
0,0,duplex_curriculum,1,427,0.1875,0.1875,10.546875,3.78125,3.0,3.765625
0,0,duplex_curriculum,1,428,0.171875,0.171875,10.640625,3.84375,3.0,3.796875
0,0,duplex_curriculum,1,429,0.1875,0.1875,10.5,3.796875,3.0,3.703125
0,0,duplex_curriculum,1,430,0.203125,0.203125,10.5,3.78125,2.796875,3.921875
0,0,duplex_curriculum,1,431,0.125,0.125,10.5625,3.890625,2.9375,3.734375
0,0,duplex_curriculum,1,432,0.125,0.125,10.734375,3.890625,2.875,3.96875
0,0,duplex_curriculum,1,433,0.25,0.25,10.84375,3.9375,2.9375,3.96875
0,0,duplex_curriculum,1,434,0.234375,0.234375,10.5625,3.71875,2.984375,3.859375
0,0,duplex_curriculum,1,435,0.125,0.125,10.3125,3.6875,2.84375,3.78125
0,0,duplex_curriculum,1,436,0.171875,0.171875,10.59375,3.921875,2.921875,3.75
0,0,duplex_curriculum,1,437,0.25,0.25,10.703125,3.859375,2.96875,3.875
0,0,duplex_curriculum,1,438,0.15625,0.15625,10.609375,3.859375,2.921875,3.828125
0,0,duplex_curriculum,1,439,0.234375,0.234375,10.53125,3.921875,2.90625,3.703125
0,0,duplex_curriculum,1,440,0.09375,0.09375,10.65625,3.890625,2.921875,3.84375
0,0,duplex_curriculum,1,441,0.125,0.125,10.40625,3.8125,2.90625,3.6875
0,0,duplex_curriculum,1,442,0.1875,0.1875,10.734375,3.96875,2.9375,3.828125
0,0,duplex_curriculum,1,443,0.1875,0.1875,10.671875,3.875,2.984375,3.8125
0,0,duplex_curriculum,1,444,0.078125,0.078125,10.609375,3.640625,3.0,3.96875
0,0,duplex_curriculum,1,445,0.109375,0.109375,10.5,3.84375,2.875,3.78125
0,0,duplex_curriculum,1,446,0.125,0.125,10.6875,3.921875,2.96875,3.796875
0,0,duplex_curriculum,1,447,0.21875,0.21875,10.65625,3.9375,2.875,3.84375
0,0,duplex_curriculum,1,448,0.125,0.125,10.53125,3.8125,2.96875,3.75
0,0,duplex_curriculum,1,449,0.171875,0.171875,10.6875,3.890625,2.984375,3.8125
0,0,duplex_curriculum,1,450,0.1875,0.1875,10.765625,3.921875,2.84375,4.0
0,0,duplex_curriculum,1,451,0.25,0.25,10.453125,3.84375,2.78125,3.828125
0,0,duplex_curriculum,1,452,0.125,0.125,10.4375,3.796875,2.875,3.765625
0,0,duplex_curriculum,1,453,0.1875,0.1875,10.921875,3.953125,3.0,3.96875
0,0,duplex_curriculum,1,454,0.125,0.125,10.671875,3.890625,2.859375,3.921875
0,0,duplex_curriculum,1,455,0.140625,0.140625,10.84375,3.953125,3.0,3.890625
0,0,duplex_curriculum,1,456,0.125,0.125,10.640625,3.875,2.9375,3.828125
0,0,duplex_curriculum,1,457,0.21875,0.21875,10.515625,3.796875,2.84375,3.875
0,0,duplex_curriculum,1,458,0.1875,0.1875,10.515625,3.78125,2.859375,3.875
0,0,duplex_curriculum,1,459,0.21875,0.21875,10.453125,3.796875,2.953125,3.703125
0,0,duplex_curriculum,1,460,0.15625,0.15625,10.703125,3.828125,2.890625,3.984375
0,0,duplex_curriculum,1,461,0.1875,0.1875,10.53125,3.78125,3.0,3.75
0,0,duplex_curriculum,1,462,0.140625,0.140625,10.734375,3.90625,2.9375,3.890625
0,0,duplex_curriculum,1,463,0.046875,0.046875,10.765625,3.9375,3.0,3.828125
0,0,duplex_curriculum,1,464,0.21875,0.21875,10.375,3.78125,2.796875,3.796875
0,0,duplex_curriculum,1,465,0.125,0.125,10.625,3.859375,2.90625,3.859375
0,0,duplex_curriculum,1,466,0.203125,0.203125,10.53125,3.921875,2.890625,3.71875
0,0,duplex_curriculum,1,467,0.25,0.25,10.625,3.90625,2.875,3.84375
0,0,duplex_curriculum,1,468,0.234375,0.234375,10.609375,3.734375,3.0,3.875
0,0,duplex_curriculum,1,469,0.1875,0.1875,10.640625,3.90625,2.875,3.859375
0,0,duplex_curriculum,1,470,0.140625,0.140625,10.46875,3.859375,2.859375,3.75
0,0,duplex_curriculum,1,471,0.140625,0.140625,10.671875,3.859375,3.0,3.8125
0,0,duplex_curriculum,1,472,0.15625,0.15625,10.359375,3.71875,2.765625,3.875
0,0,duplex_curriculum,1,473,0.171875,0.171875,10.640625,3.84375,2.890625,3.90625
0,0,duplex_curriculum,1,474,0.1875,0.1875,10.46875,3.796875,2.921875,3.75
0,0,duplex_curriculum,1,475,0.125,0.125,10.703125,3.828125,2.9375,3.9375
0,0,duplex_curriculum,1,476,0.15625,0.15625,10.65625,3.75,2.921875,3.984375
0,0,duplex_curriculum,1,477,0.140625,0.140625,10.546875,3.8125,2.90625,3.828125
0,0,duplex_curriculum,1,478,0.15625,0.15625,10.328125,3.734375,2.84375,3.75
0,0,duplex_curriculum,1,479,0.21875,0.21875,10.53125,3.609375,2.984375,3.9375
0,0,duplex_curriculum,1,480,0.171875,0.171875,10.6875,3.84375,2.953125,3.890625
0,0,duplex_curriculum,1,481,0.171875,0.171875,10.609375,3.8125,2.921875,3.875
0,0,duplex_curriculum,1,482,0.09375,0.09375,10.734375,3.953125,2.921875,3.859375
0,0,duplex_curriculum,1,483,0.171875,0.171875,10.71875,3.90625,2.984375,3.828125
0,0,duplex_curriculum,1,484,0.203125,0.203125,10.640625,3.828125,2.953125,3.859375
0,0,duplex_curriculum,1,485,0.15625,0.15625,10.671875,3.96875,2.890625,3.8125
0,0,duplex_curriculum,1,486,0.1875,0.1875,10.515625,3.84375,2.828125,3.84375
0,0,duplex_curriculum,1,487,0.109375,0.109375,10.390625,3.671875,2.921875,3.796875
0,0,duplex_curriculum,1,488,0.109375,0.109375,10.640625,3.875,2.890625,3.875
0,0,duplex_curriculum,1,489,0.21875,0.21875,10.546875,3.6875,2.953125,3.90625
0,0,duplex_curriculum,1,490,0.125,0.125,10.703125,3.921875,2.875,3.90625
0,0,duplex_curriculum,1,491,0.1875,0.1875,10.453125,3.78125,2.859375,3.8125
0,0,duplex_curriculum,1,492,0.25,0.25,10.640625,3.78125,2.90625,3.953125
0,0,duplex_curriculum,1,493,0.171875,0.171875,10.265625,3.609375,2.921875,3.734375
0,0,duplex_curriculum,1,494,0.171875,0.171875,10.734375,3.890625,2.9375,3.90625
0,0,duplex_curriculum,1,495,0.15625,0.15625,10.609375,3.84375,2.90625,3.859375
0,0,duplex_curriculum,1,496,0.203125,0.203125,10.65625,3.828125,2.953125,3.875
0,0,duplex_curriculum,1,497,0.203125,0.203125,10.546875,3.75,2.890625,3.90625
0,0,duplex_curriculum,1,498,0.125,0.125,10.4375,3.765625,2.828125,3.84375
0,0,duplex_curriculum,1,499,0.171875,0.171875,10.5625,4.0,2.875,3.6875
0,0,duplex_curriculum,1,500,0.25,0.25,10.6875,3.953125,2.890625,3.84375
0,0,duplex_curriculum,1,501,0.171875,0.171875,10.78125,3.84375,2.96875,3.96875
0,0,duplex_curriculum,1,502,0.140625,0.140625,10.625,3.796875,2.953125,3.875
0,0,duplex_curriculum,1,503,0.171875,0.171875,10.71875,3.875,2.90625,3.9375
0,0,duplex_curriculum,1,504,0.125,0.125,10.46875,3.75,2.9375,3.78125
0,0,duplex_curriculum,1,505,0.234375,0.234375,10.6875,3.90625,2.921875,3.859375
0,0,duplex_curriculum,1,506,0.171875,0.171875,10.640625,3.765625,2.90625,3.96875
0,0,duplex_curriculum,1,507,0.21875,0.21875,10.578125,3.75,2.984375,3.84375
0,0,duplex_curriculum,1,508,0.15625,0.15625,10.46875,3.765625,2.859375,3.84375
0,0,duplex_curriculum,1,509,0.1875,0.1875,10.578125,3.890625,2.796875,3.890625
0,0,duplex_curriculum,1,510,0.203125,0.203125,10.578125,3.875,2.828125,3.875
0,0,duplex_curriculum,1,511,0.140625,0.140625,10.4375,3.703125,2.9375,3.796875
0,0,duplex_curriculum,1,512,0.125,0.125,10.609375,3.75,2.921875,3.9375
0,0,duplex_curriculum,1,513,0.125,0.125,10.578125,3.859375,2.828125,3.890625
0,0,duplex_curriculum,1,514,0.21875,0.21875,10.859375,3.984375,2.984375,3.890625
0,0,duplex_curriculum,1,515,0.140625,0.140625,10.546875,3.734375,2.984375,3.828125
0,0,duplex_curriculum,1,516,0.1875,0.1875,10.59375,3.796875,2.953125,3.84375
0,0,duplex_curriculum,1,517,0.140625,0.140625,10.640625,3.84375,2.96875,3.828125
0,0,duplex_curriculum,1,518,0.125,0.125,10.5625,3.71875,3.0,3.84375
0,0,duplex_curriculum,1,519,0.21875,0.21875,10.546875,3.90625,2.875,3.765625
0,0,duplex_curriculum,1,520,0.1875,0.1875,10.734375,3.9375,2.96875,3.828125
0,0,duplex_curriculum,1,521,0.234375,0.234375,10.59375,3.921875,2.890625,3.78125
0,0,duplex_curriculum,1,522,0.125,0.125,10.609375,3.875,2.921875,3.8125
0,0,duplex_curriculum,1,523,0.109375,0.109375,10.71875,3.84375,2.953125,3.921875
0,0,duplex_curriculum,1,524,0.140625,0.140625,10.203125,3.5625,2.875,3.765625
0,0,duplex_curriculum,1,525,0.265625,0.265625,10.671875,3.875,2.984375,3.8125
0,0,duplex_curriculum,1,526,0.171875,0.171875,10.46875,3.75,2.828125,3.890625
0,0,duplex_curriculum,1,527,0.125,0.125,10.734375,3.9375,2.890625,3.90625
0,0,duplex_curriculum,1,528,0.15625,0.15625,10.59375,3.859375,2.890625,3.84375
0,0,duplex_curriculum,1,529,0.1875,0.1875,10.515625,3.796875,2.875,3.84375
0,0,duplex_curriculum,1,530,0.15625,0.15625,10.5,3.734375,2.890625,3.875
0,0,duplex_curriculum,1,531,0.15625,0.15625,10.65625,3.859375,2.96875,3.828125
0,0,duplex_curriculum,1,532,0.21875,0.21875,10.6875,3.9375,2.890625,3.859375
0,0,duplex_curriculum,1,533,0.15625,0.15625,10.609375,3.734375,2.96875,3.90625
0,0,duplex_curriculum,1,534,0.25,0.25,10.625,3.953125,2.828125,3.84375
0,0,duplex_curriculum,1,535,0.15625,0.15625,10.390625,3.6875,2.875,3.828125
0,0,duplex_curriculum,1,536,0.203125,0.203125,10.546875,3.828125,2.8125,3.90625
0,0,duplex_curriculum,1,537,0.125,0.125,10.75,3.875,2.953125,3.921875
0,0,duplex_curriculum,1,538,0.15625,0.15625,10.46875,3.71875,2.875,3.875
0,0,duplex_curriculum,1,539,0.171875,0.171875,10.59375,3.84375,2.921875,3.828125
0,0,duplex_curriculum,1,540,0.125,0.125,10.625,3.78125,2.859375,3.984375
0,0,duplex_curriculum,1,541,0.15625,0.15625,10.484375,3.703125,2.953125,3.828125
0,0,duplex_curriculum,1,542,0.15625,0.15625,10.546875,3.859375,2.84375,3.84375
0,0,duplex_curriculum,1,543,0.15625,0.15625,10.671875,3.921875,2.90625,3.84375
0,0,duplex_curriculum,1,544,0.125,0.125,10.53125,3.703125,2.90625,3.921875
0,0,duplex_curriculum,1,545,0.15625,0.15625,10.6875,3.875,3.0,3.8125
0,0,duplex_curriculum,1,546,0.109375,0.109375,10.640625,3.90625,2.84375,3.890625
0,0,duplex_curriculum,1,547,0.15625,0.15625,10.703125,3.734375,3.0,3.96875
0,0,duplex_curriculum,1,548,0.15625,0.15625,10.28125,3.671875,2.890625,3.71875
0,0,duplex_curriculum,1,549,0.15625,0.15625,10.71875,3.84375,2.921875,3.953125
0,0,duplex_curriculum,1,550,0.1875,0.1875,10.6875,3.90625,2.90625,3.875
0,0,duplex_curriculum,1,551,0.234375,0.234375,10.65625,3.78125,2.984375,3.890625
0,0,duplex_curriculum,1,552,0.171875,0.171875,10.5,3.796875,2.875,3.828125
0,0,duplex_curriculum,1,553,0.140625,0.140625,10.65625,3.828125,2.984375,3.84375
0,0,duplex_curriculum,1,554,0.15625,0.15625,10.671875,3.9375,2.9375,3.796875
0,0,duplex_curriculum,1,555,0.203125,0.203125,10.53125,3.8125,2.953125,3.765625
0,0,duplex_curriculum,1,556,0.171875,0.171875,10.78125,4.0,2.859375,3.921875
0,0,duplex_curriculum,1,557,0.203125,0.203125,10.71875,3.953125,2.9375,3.828125
0,0,duplex_curriculum,1,558,0.203125,0.203125,10.546875,3.890625,2.875,3.78125
0,0,duplex_curriculum,1,559,0.109375,0.109375,10.546875,3.796875,2.921875,3.828125
0,0,duplex_curriculum,1,560,0.1875,0.1875,10.40625,3.71875,2.90625,3.78125
0,0,duplex_curriculum,1,561,0.1875,0.1875,10.5,3.828125,2.84375,3.828125
0,0,duplex_curriculum,1,562,0.234375,0.234375,10.546875,3.796875,2.90625,3.84375
0,0,duplex_curriculum,1,563,0.140625,0.140625,10.765625,3.90625,2.953125,3.90625
0,0,duplex_curriculum,1,564,0.171875,0.171875,10.578125,3.734375,2.953125,3.890625
0,0,duplex_curriculum,1,565,0.09375,0.09375,10.703125,3.890625,2.9375,3.875
0,0,duplex_curriculum,1,566,0.265625,0.265625,10.515625,3.859375,2.875,3.78125
0,0,duplex_curriculum,1,567,0.15625,0.15625,10.734375,3.859375,2.921875,3.953125
0,0,duplex_curriculum,1,568,0.1875,0.1875,10.765625,3.90625,2.875,3.984375
0,0,duplex_curriculum,1,569,0.140625,0.140625,10.46875,3.890625,2.90625,3.671875
0,0,duplex_curriculum,1,570,0.234375,0.234375,10.609375,3.859375,2.890625,3.859375
0,0,duplex_curriculum,1,571,0.25,0.25,10.859375,4.0,3.0,3.859375
0,0,duplex_curriculum,1,572,0.140625,0.140625,10.703125,3.875,2.9375,3.890625
0,0,duplex_curriculum,1,573,0.171875,0.171875,10.609375,3.84375,2.953125,3.8125
0,0,duplex_curriculum,1,574,0.21875,0.21875,10.6875,3.875,2.890625,3.921875
0,0,duplex_curriculum,1,575,0.203125,0.203125,10.734375,3.890625,2.90625,3.9375
0,0,duplex_curriculum,1,576,0.171875,0.171875,10.65625,3.859375,2.9375,3.859375
0,0,duplex_curriculum,1,577,0.140625,0.140625,10.578125,3.65625,3.0,3.921875
0,0,duplex_curriculum,1,578,0.09375,0.09375,10.578125,3.765625,2.9375,3.875
0,0,duplex_curriculum,1,579,0.171875,0.171875,10.65625,3.828125,2.9375,3.890625
0,0,duplex_curriculum,1,580,0.203125,0.203125,10.4375,3.859375,2.921875,3.65625
0,0,duplex_curriculum,1,581,0.15625,0.15625,10.546875,3.859375,2.9375,3.75
0,0,duplex_curriculum,1,582,0.296875,0.296875,10.59375,3.875,2.828125,3.890625
0,0,duplex_curriculum,1,583,0.1875,0.1875,10.609375,3.9375,2.90625,3.765625
0,0,duplex_curriculum,1,584,0.140625,0.140625,10.609375,3.71875,2.984375,3.90625
0,0,duplex_curriculum,1,585,0.21875,0.21875,10.796875,3.921875,2.96875,3.90625
0,0,duplex_curriculum,1,586,0.046875,0.046875,10.640625,3.90625,2.875,3.859375
0,0,duplex_curriculum,1,587,0.21875,0.21875,10.5,3.75,2.9375,3.8125
0,0,duplex_curriculum,1,588,0.171875,0.171875,10.546875,3.859375,2.9375,3.75
0,0,duplex_curriculum,1,589,0.109375,0.109375,10.734375,3.90625,2.953125,3.875
0,0,duplex_curriculum,1,590,0.140625,0.140625,10.390625,3.75,2.84375,3.796875
0,0,duplex_curriculum,1,591,0.15625,0.15625,10.53125,3.9375,2.78125,3.8125
0,0,duplex_curriculum,1,592,0.0625,0.0625,10.9375,3.984375,2.96875,3.984375
0,0,duplex_curriculum,1,593,0.140625,0.140625,10.78125,3.90625,2.9375,3.9375
0,0,duplex_curriculum,1,594,0.171875,0.171875,10.203125,3.75,2.796875,3.65625
0,0,duplex_curriculum,1,595,0.1875,0.1875,10.640625,3.890625,2.953125,3.796875
0,0,duplex_curriculum,1,596,0.234375,0.234375,9.984375,3.4375,2.9375,3.609375
0,0,duplex_curriculum,1,597,0.296875,0.296875,10.515625,3.78125,2.96875,3.765625
0,0,duplex_curriculum,1,598,0.140625,0.140625,10.75,3.890625,2.984375,3.875
0,0,duplex_curriculum,1,599,0.1875,0.1875,10.484375,3.84375,2.875,3.765625
0,0,duplex_curriculum,1,600,0.171875,0.171875,10.484375,3.90625,2.765625,3.8125
0,0,duplex_curriculum,1,601,0.234375,0.234375,10.578125,3.890625,2.78125,3.90625
0,0,duplex_curriculum,1,602,0.109375,0.109375,10.609375,3.890625,2.796875,3.921875
0,0,duplex_curriculum,1,603,0.203125,0.203125,10.671875,3.953125,3.0,3.71875
0,0,duplex_curriculum,1,604,0.21875,0.21875,10.53125,3.8125,2.90625,3.8125
0,0,duplex_curriculum,1,605,0.140625,0.140625,10.53125,3.875,2.890625,3.765625
0,0,duplex_curriculum,1,606,0.171875,0.171875,10.4375,3.75,2.90625,3.78125
0,0,duplex_curriculum,1,607,0.140625,0.140625,10.328125,3.640625,2.890625,3.796875
0,0,duplex_curriculum,1,608,0.1875,0.1875,10.609375,3.8125,2.90625,3.890625
0,0,duplex_curriculum,1,609,0.09375,0.09375,10.828125,3.96875,2.890625,3.96875
0,0,duplex_curriculum,1,610,0.1875,0.1875,10.515625,3.765625,2.90625,3.84375
0,0,duplex_curriculum,1,611,0.109375,0.109375,10.46875,3.875,2.875,3.71875
0,0,duplex_curriculum,1,612,0.125,0.125,10.546875,3.75,2.90625,3.890625
0,0,duplex_curriculum,1,613,0.109375,0.109375,10.640625,3.828125,2.96875,3.84375
0,0,duplex_curriculum,1,614,0.1875,0.1875,10.546875,3.671875,2.921875,3.953125
0,0,duplex_curriculum,1,615,0.21875,0.21875,10.765625,3.953125,2.921875,3.890625
0,0,duplex_curriculum,1,616,0.15625,0.15625,10.359375,3.734375,2.890625,3.734375
0,0,duplex_curriculum,1,617,0.1875,0.1875,10.53125,3.828125,2.90625,3.796875
0,0,duplex_curriculum,1,618,0.25,0.25,10.75,3.921875,2.984375,3.84375
0,0,duplex_curriculum,1,619,0.140625,0.140625,10.671875,3.84375,2.90625,3.921875
0,0,duplex_curriculum,1,620,0.15625,0.15625,10.828125,3.90625,2.953125,3.96875
0,0,duplex_curriculum,1,621,0.1875,0.1875,10.53125,3.953125,2.921875,3.65625
0,0,duplex_curriculum,1,622,0.203125,0.203125,10.640625,3.921875,2.921875,3.796875
0,0,duplex_curriculum,1,623,0.125,0.125,10.53125,3.8125,2.875,3.84375
0,0,duplex_curriculum,1,624,0.25,0.25,10.734375,3.953125,2.875,3.90625
0,0,duplex_curriculum,1,625,0.1875,0.1875,10.671875,3.90625,2.921875,3.84375
0,0,duplex_curriculum,1,626,0.140625,0.140625,10.734375,3.890625,2.890625,3.953125
0,0,duplex_curriculum,1,627,0.078125,0.078125,10.625,3.8125,2.984375,3.828125
0,0,duplex_curriculum,1,628,0.140625,0.140625,10.65625,3.8125,2.90625,3.9375
0,0,duplex_curriculum,1,629,0.375,0.375,10.515625,3.703125,2.90625,3.90625
0,0,duplex_curriculum,1,630,0.125,0.125,10.6875,3.859375,2.921875,3.90625
0,0,duplex_curriculum,1,631,0.234375,0.234375,10.46875,3.734375,2.921875,3.8125
0,0,duplex_curriculum,1,632,0.171875,0.171875,10.5625,3.921875,2.84375,3.796875
0,0,duplex_curriculum,1,633,0.25,0.25,10.8125,3.953125,2.921875,3.9375
0,0,duplex_curriculum,1,634,0.203125,0.203125,10.65625,3.875,2.953125,3.828125
0,0,duplex_curriculum,1,635,0.21875,0.21875,10.671875,3.828125,2.921875,3.921875
0,0,duplex_curriculum,1,636,0.125,0.125,10.484375,3.71875,2.890625,3.875
0,0,duplex_curriculum,1,637,0.125,0.125,10.53125,3.765625,2.9375,3.828125
0,0,duplex_curriculum,1,638,0.125,0.125,10.453125,3.71875,2.84375,3.890625
0,0,duplex_curriculum,1,639,0.1875,0.1875,10.65625,3.796875,2.9375,3.921875
0,0,duplex_curriculum,1,640,0.1875,0.1875,10.765625,3.875,2.984375,3.90625
0,0,duplex_curriculum,1,641,0.125,0.125,10.40625,3.78125,2.90625,3.71875
0,0,duplex_curriculum,1,642,0.140625,0.140625,10.6875,3.953125,2.9375,3.796875
0,0,duplex_curriculum,1,643,0.140625,0.140625,10.71875,3.78125,2.96875,3.96875
0,0,duplex_curriculum,1,644,0.140625,0.140625,10.609375,3.921875,2.84375,3.84375
0,0,duplex_curriculum,1,645,0.078125,0.078125,10.671875,3.765625,2.96875,3.9375
0,0,duplex_curriculum,1,646,0.171875,0.171875,10.75,3.890625,2.984375,3.875
0,0,duplex_curriculum,1,647,0.171875,0.171875,10.40625,3.828125,2.796875,3.78125
0,0,duplex_curriculum,1,648,0.15625,0.15625,10.71875,3.9375,2.9375,3.84375
0,0,duplex_curriculum,1,649,0.140625,0.140625,10.609375,3.875,2.875,3.859375
0,0,duplex_curriculum,1,650,0.15625,0.15625,10.59375,3.78125,2.9375,3.875
0,0,duplex_curriculum,1,651,0.21875,0.21875,10.625,3.90625,2.921875,3.796875
0,0,duplex_curriculum,1,652,0.109375,0.109375,10.546875,3.828125,2.9375,3.78125
0,0,duplex_curriculum,1,653,0.234375,0.234375,10.640625,3.78125,2.953125,3.90625
0,0,duplex_curriculum,1,654,0.171875,0.171875,10.453125,3.8125,2.953125,3.6875
0,0,duplex_curriculum,1,655,0.21875,0.21875,10.671875,3.890625,2.875,3.90625
0,0,duplex_curriculum,1,656,0.1875,0.1875,10.65625,3.90625,2.796875,3.953125
0,0,duplex_curriculum,1,657,0.109375,0.109375,10.46875,3.671875,2.90625,3.890625
0,0,duplex_curriculum,1,658,0.125,0.125,10.546875,3.828125,2.859375,3.859375
0,0,duplex_curriculum,1,659,0.15625,0.15625,10.328125,3.890625,2.734375,3.703125
0,0,duplex_curriculum,1,660,0.234375,0.234375,10.703125,3.890625,2.921875,3.890625
0,0,duplex_curriculum,1,661,0.15625,0.15625,10.421875,3.75,2.84375,3.828125
0,0,duplex_curriculum,1,662,0.125,0.125,10.46875,3.65625,2.984375,3.828125
0,0,duplex_curriculum,1,663,0.1875,0.1875,10.703125,3.84375,2.875,3.984375
0,0,duplex_curriculum,1,664,0.15625,0.15625,10.640625,3.6875,3.0,3.953125
0,0,duplex_curriculum,1,665,0.1875,0.1875,10.234375,3.765625,2.828125,3.640625
0,0,duplex_curriculum,1,666,0.15625,0.15625,10.703125,3.921875,2.953125,3.828125
0,0,duplex_curriculum,1,667,0.171875,0.171875,10.59375,3.8125,2.859375,3.921875
0,0,duplex_curriculum,1,668,0.234375,0.234375,10.578125,3.828125,2.96875,3.78125
0,0,duplex_curriculum,1,669,0.109375,0.109375,10.484375,3.734375,2.859375,3.890625
0,0,duplex_curriculum,1,670,0.140625,0.140625,10.671875,3.90625,2.859375,3.90625
0,0,duplex_curriculum,1,671,0.15625,0.15625,10.734375,3.859375,2.96875,3.90625
0,0,duplex_curriculum,1,672,0.109375,0.109375,10.609375,3.875,2.859375,3.875
0,0,duplex_curriculum,1,673,0.15625,0.15625,10.6875,3.875,2.9375,3.875
0,0,duplex_curriculum,1,674,0.15625,0.15625,10.5625,3.875,2.90625,3.78125
0,0,duplex_curriculum,1,675,0.15625,0.15625,10.640625,3.796875,2.984375,3.859375
0,0,duplex_curriculum,1,676,0.21875,0.21875,10.625,3.796875,2.984375,3.84375
0,0,duplex_curriculum,1,677,0.140625,0.140625,10.671875,3.9375,2.890625,3.84375
0,0,duplex_curriculum,1,678,0.171875,0.171875,10.65625,3.875,2.890625,3.890625
0,0,duplex_curriculum,1,679,0.203125,0.203125,10.78125,3.890625,2.921875,3.96875
0,0,duplex_curriculum,1,680,0.15625,0.15625,10.640625,3.84375,2.875,3.921875
0,0,duplex_curriculum,1,681,0.140625,0.140625,10.515625,3.78125,2.859375,3.875
0,0,duplex_curriculum,1,682,0.125,0.125,10.671875,3.796875,3.0,3.875
0,0,duplex_curriculum,1,683,0.125,0.125,10.734375,4.0,2.90625,3.828125
0,0,duplex_curriculum,1,684,0.1875,0.1875,10.5,3.828125,2.953125,3.71875
0,0,duplex_curriculum,1,685,0.234375,0.234375,10.4375,3.796875,2.859375,3.78125
0,0,duplex_curriculum,1,686,0.125,0.125,10.5,3.734375,2.90625,3.859375
0,0,duplex_curriculum,1,687,0.265625,0.265625,10.71875,3.875,2.984375,3.859375
0,0,duplex_curriculum,1,688,0.203125,0.203125,10.78125,3.90625,2.9375,3.9375
0,0,duplex_curriculum,1,689,0.25,0.25,10.5625,3.71875,2.921875,3.921875
0,0,duplex_curriculum,1,690,0.171875,0.171875,10.8125,3.90625,2.953125,3.953125
0,0,duplex_curriculum,1,691,0.171875,0.171875,10.734375,3.84375,2.953125,3.9375
0,0,duplex_curriculum,1,692,0.15625,0.15625,10.71875,3.875,2.921875,3.921875
0,0,duplex_curriculum,1,693,0.25,0.25,10.234375,3.609375,2.90625,3.71875
0,0,duplex_curriculum,1,694,0.1875,0.1875,10.59375,3.828125,2.96875,3.796875
0,0,duplex_curriculum,1,695,0.171875,0.171875,10.6875,3.8125,2.921875,3.953125
0,0,duplex_curriculum,1,696,0.203125,0.203125,10.703125,3.921875,2.9375,3.84375
0,0,duplex_curriculum,1,697,0.203125,0.203125,10.5625,3.90625,2.859375,3.796875
0,0,duplex_curriculum,1,698,0.140625,0.140625,10.484375,3.90625,2.875,3.703125
0,0,duplex_curriculum,1,699,0.125,0.125,10.71875,3.8125,2.953125,3.953125
0,0,duplex_curriculum,1,700,0.140625,0.140625,10.390625,3.796875,2.984375,3.609375
0,0,duplex_curriculum,1,701,0.09375,0.09375,10.765625,3.890625,2.96875,3.90625
0,0,duplex_curriculum,1,702,0.0625,0.0625,10.5,3.75,2.890625,3.859375
0,0,duplex_curriculum,1,703,0.125,0.125,10.65625,3.875,2.890625,3.890625
0,0,duplex_curriculum,1,704,0.109375,0.109375,10.703125,3.828125,2.96875,3.90625
0,0,duplex_curriculum,1,705,0.15625,0.15625,10.515625,3.796875,2.9375,3.78125
0,0,duplex_curriculum,1,706,0.21875,0.21875,10.609375,3.8125,2.875,3.921875
0,0,duplex_curriculum,1,707,0.1875,0.1875,10.453125,3.828125,2.84375,3.78125
0,0,duplex_curriculum,1,708,0.109375,0.109375,10.515625,3.8125,2.90625,3.796875
0,0,duplex_curriculum,1,709,0.125,0.125,10.640625,3.984375,2.875,3.78125
0,0,duplex_curriculum,1,710,0.109375,0.109375,10.65625,3.9375,2.921875,3.796875
0,0,duplex_curriculum,1,711,0.25,0.25,10.578125,3.828125,2.953125,3.796875
0,0,duplex_curriculum,1,712,0.171875,0.171875,10.5,3.71875,2.921875,3.859375
0,0,duplex_curriculum,1,713,0.125,0.125,10.59375,3.78125,2.921875,3.890625
0,0,duplex_curriculum,1,714,0.171875,0.171875,10.8125,3.890625,2.921875,4.0
0,0,duplex_curriculum,1,715,0.25,0.25,10.765625,3.953125,2.953125,3.859375
0,0,duplex_curriculum,1,716,0.125,0.125,10.609375,3.921875,2.9375,3.75
0,0,duplex_curriculum,1,717,0.15625,0.15625,10.8125,3.984375,2.921875,3.90625
0,0,duplex_curriculum,1,718,0.1875,0.1875,10.46875,3.78125,2.9375,3.75
0,0,duplex_curriculum,1,719,0.171875,0.171875,10.421875,3.734375,2.921875,3.765625
0,0,duplex_curriculum,1,720,0.171875,0.171875,10.734375,3.921875,2.984375,3.828125
0,0,duplex_curriculum,1,721,0.078125,0.078125,10.71875,3.875,2.953125,3.890625
0,0,duplex_curriculum,1,722,0.1875,0.1875,10.515625,3.859375,2.921875,3.734375
0,0,duplex_curriculum,1,723,0.140625,0.140625,10.484375,3.84375,2.765625,3.875
0,0,duplex_curriculum,1,724,0.109375,0.109375,10.765625,3.859375,3.0,3.90625
0,0,duplex_curriculum,1,725,0.15625,0.15625,10.703125,3.890625,2.90625,3.90625
0,0,duplex_curriculum,1,726,0.15625,0.15625,10.703125,3.78125,2.921875,4.0
0,0,duplex_curriculum,1,727,0.140625,0.140625,10.734375,3.9375,2.90625,3.890625
0,0,duplex_curriculum,1,728,0.15625,0.15625,10.53125,3.796875,3.0,3.734375
0,0,duplex_curriculum,1,729,0.125,0.125,10.6875,3.921875,2.921875,3.84375
0,0,duplex_curriculum,1,730,0.203125,0.203125,10.40625,3.78125,2.890625,3.734375
0,0,duplex_curriculum,1,731,0.0625,0.0625,10.671875,3.828125,2.984375,3.859375
0,0,duplex_curriculum,1,732,0.109375,0.109375,10.625,4.0,2.859375,3.765625
0,0,duplex_curriculum,1,733,0.25,0.25,10.75,3.8125,3.0,3.9375
0,0,duplex_curriculum,1,734,0.234375,0.234375,10.65625,3.828125,2.96875,3.859375
0,0,duplex_curriculum,1,735,0.15625,0.15625,10.578125,3.796875,2.953125,3.828125
0,0,duplex_curriculum,1,736,0.09375,0.09375,10.578125,3.765625,2.828125,3.984375
0,0,duplex_curriculum,1,737,0.140625,0.140625,10.53125,3.890625,2.796875,3.84375
0,0,duplex_curriculum,1,738,0.28125,0.28125,10.6875,3.953125,2.859375,3.875
0,0,duplex_curriculum,1,739,0.09375,0.09375,10.6875,3.890625,2.8125,3.984375
0,0,duplex_curriculum,1,740,0.109375,0.109375,10.609375,3.953125,2.859375,3.796875
0,0,duplex_curriculum,1,741,0.171875,0.171875,10.359375,3.828125,2.90625,3.625
0,0,duplex_curriculum,1,742,0.140625,0.140625,10.59375,3.921875,2.921875,3.75
0,0,duplex_curriculum,1,743,0.171875,0.171875,10.765625,3.859375,3.0,3.90625
0,0,duplex_curriculum,1,744,0.15625,0.15625,10.4375,3.75,2.875,3.8125
0,0,duplex_curriculum,1,745,0.078125,0.078125,10.734375,3.953125,3.0,3.78125
0,0,duplex_curriculum,1,746,0.21875,0.21875,10.734375,3.921875,2.890625,3.921875
0,0,duplex_curriculum,1,747,0.15625,0.15625,10.734375,3.875,2.9375,3.921875
0,0,duplex_curriculum,1,748,0.15625,0.15625,10.78125,3.828125,2.984375,3.96875
0,0,duplex_curriculum,1,749,0.203125,0.203125,10.546875,3.890625,2.875,3.78125
0,0,duplex_curriculum,1,750,0.125,0.125,10.828125,3.953125,2.953125,3.921875
0,0,duplex_curriculum,1,751,0.1875,0.1875,10.71875,3.953125,2.875,3.890625
0,0,duplex_curriculum,1,752,0.09375,0.09375,10.65625,3.875,2.921875,3.859375
0,0,duplex_curriculum,1,753,0.15625,0.15625,10.65625,3.9375,2.96875,3.75
0,0,duplex_curriculum,1,754,0.171875,0.171875,10.734375,3.875,2.875,3.984375
0,0,duplex_curriculum,1,755,0.140625,0.140625,10.71875,3.875,2.890625,3.953125
0,0,duplex_curriculum,1,756,0.15625,0.15625,10.65625,3.796875,2.9375,3.921875
0,0,duplex_curriculum,1,757,0.1875,0.1875,10.65625,3.859375,2.984375,3.8125
0,0,duplex_curriculum,1,758,0.15625,0.15625,10.375,3.65625,2.921875,3.796875
0,0,duplex_curriculum,1,759,0.171875,0.171875,10.75,3.90625,2.953125,3.890625
0,0,duplex_curriculum,1,760,0.171875,0.171875,10.703125,3.9375,2.90625,3.859375
0,0,duplex_curriculum,1,761,0.1875,0.1875,10.5625,3.765625,2.859375,3.9375
0,0,duplex_curriculum,1,762,0.203125,0.203125,10.71875,3.828125,2.953125,3.9375
0,0,duplex_curriculum,1,763,0.09375,0.09375,10.578125,3.90625,2.875,3.796875
0,0,duplex_curriculum,1,764,0.109375,0.109375,10.5625,3.71875,2.953125,3.890625
0,0,duplex_curriculum,1,765,0.203125,0.203125,10.734375,3.90625,2.9375,3.890625
0,0,duplex_curriculum,1,766,0.125,0.125,10.625,3.71875,2.984375,3.921875
0,0,duplex_curriculum,1,767,0.09375,0.09375,10.59375,3.859375,2.875,3.859375
0,0,duplex_curriculum,1,768,0.203125,0.203125,10.734375,3.9375,2.9375,3.859375
0,0,duplex_curriculum,1,769,0.1875,0.1875,10.3125,3.609375,2.875,3.828125
0,0,duplex_curriculum,1,770,0.125,0.125,10.71875,3.84375,2.953125,3.921875
0,0,duplex_curriculum,1,771,0.203125,0.203125,10.5,3.796875,2.9375,3.765625
0,0,duplex_curriculum,1,772,0.140625,0.140625,10.5625,3.90625,2.8125,3.84375
0,0,duplex_curriculum,1,773,0.109375,0.109375,10.5,3.75,2.859375,3.890625
0,0,duplex_curriculum,1,774,0.203125,0.203125,10.734375,3.875,2.921875,3.9375
0,0,duplex_curriculum,1,775,0.078125,0.078125,10.75,3.9375,2.9375,3.875
0,0,duplex_curriculum,1,776,0.1875,0.1875,10.5625,3.859375,2.828125,3.875
0,0,duplex_curriculum,1,777,0.15625,0.15625,10.65625,3.75,2.9375,3.96875
0,0,duplex_curriculum,1,778,0.21875,0.21875,10.765625,3.890625,2.96875,3.90625
0,0,duplex_curriculum,1,779,0.140625,0.140625,10.71875,3.765625,3.0,3.953125
0,0,duplex_curriculum,1,780,0.140625,0.140625,10.578125,3.703125,3.0,3.875
0,0,duplex_curriculum,1,781,0.109375,0.109375,10.625,3.921875,2.9375,3.765625
0,0,duplex_curriculum,1,782,0.140625,0.140625,10.734375,3.875,2.921875,3.9375
0,0,duplex_curriculum,1,783,0.171875,0.171875,10.53125,3.75,2.921875,3.859375
0,0,duplex_curriculum,1,784,0.171875,0.171875,10.796875,3.796875,3.0,4.0
0,0,duplex_curriculum,1,785,0.125,0.125,10.65625,3.8125,2.984375,3.859375
0,0,duplex_curriculum,1,786,0.15625,0.15625,10.640625,3.8125,2.984375,3.84375
0,0,duplex_curriculum,1,787,0.171875,0.171875,10.703125,3.890625,3.0,3.8125
0,0,duplex_curriculum,1,788,0.171875,0.171875,10.4375,3.78125,2.78125,3.875
0,0,duplex_curriculum,1,789,0.171875,0.171875,10.65625,3.84375,2.90625,3.90625
0,0,duplex_curriculum,1,790,0.234375,0.234375,10.75,3.859375,2.96875,3.921875
0,0,duplex_curriculum,1,791,0.140625,0.140625,10.5625,3.859375,2.859375,3.84375
0,0,duplex_curriculum,1,792,0.125,0.125,10.703125,3.96875,2.90625,3.828125
0,0,duplex_curriculum,1,793,0.125,0.125,10.578125,3.90625,2.875,3.796875
0,0,duplex_curriculum,1,794,0.109375,0.109375,10.546875,3.859375,2.890625,3.796875
0,0,duplex_curriculum,1,795,0.21875,0.21875,10.453125,3.796875,2.796875,3.859375
0,0,duplex_curriculum,1,796,0.140625,0.140625,10.859375,3.984375,2.9375,3.9375
0,0,duplex_curriculum,1,797,0.15625,0.15625,10.703125,3.734375,2.96875,4.0
0,0,duplex_curriculum,1,798,0.140625,0.140625,10.546875,3.765625,2.890625,3.890625
0,0,duplex_curriculum,1,799,0.15625,0.15625,10.75,3.9375,2.875,3.9375
0,0,duplex_curriculum,1,800,0.140625,0.140625,10.53125,3.921875,2.78125,3.828125
0,0,duplex_curriculum,1,801,0.09375,0.09375,10.65625,3.8125,2.90625,3.9375
0,0,duplex_curriculum,1,802,0.1875,0.1875,10.53125,3.6875,2.859375,3.984375
0,0,duplex_curriculum,1,803,0.171875,0.171875,10.46875,3.796875,2.90625,3.765625
0,0,duplex_curriculum,1,804,0.125,0.125,10.65625,3.78125,3.0,3.875
0,0,duplex_curriculum,1,805,0.171875,0.171875,10.671875,3.78125,2.9375,3.953125
0,0,duplex_curriculum,1,806,0.265625,0.265625,10.765625,3.828125,3.0,3.9375
0,0,duplex_curriculum,1,807,0.15625,0.15625,10.28125,3.71875,2.796875,3.765625
0,0,duplex_curriculum,1,808,0.15625,0.15625,10.59375,3.78125,2.90625,3.90625
0,0,duplex_curriculum,1,809,0.109375,0.109375,10.625,3.875,2.9375,3.8125
0,0,duplex_curriculum,1,810,0.171875,0.171875,10.71875,3.890625,2.890625,3.9375
0,0,duplex_curriculum,1,811,0.171875,0.171875,10.6875,3.859375,2.9375,3.890625
0,0,duplex_curriculum,1,812,0.109375,0.109375,10.6875,3.90625,2.890625,3.890625
0,0,duplex_curriculum,1,813,0.15625,0.15625,10.453125,3.859375,2.859375,3.734375
0,0,duplex_curriculum,1,814,0.140625,0.140625,10.625,3.84375,2.890625,3.890625
0,0,duplex_curriculum,1,815,0.078125,0.078125,10.828125,3.953125,2.953125,3.921875
0,0,duplex_curriculum,1,816,0.125,0.125,10.546875,3.75,2.890625,3.90625
0,0,duplex_curriculum,1,817,0.109375,0.109375,10.71875,3.96875,2.921875,3.828125
0,0,duplex_curriculum,1,818,0.15625,0.15625,10.546875,3.71875,2.828125,4.0
0,0,duplex_curriculum,1,819,0.125,0.125,10.734375,3.90625,3.0,3.828125
0,0,duplex_curriculum,1,820,0.1875,0.1875,10.65625,3.796875,2.96875,3.890625
0,0,duplex_curriculum,1,821,0.25,0.25,10.625,3.84375,2.828125,3.953125
0,0,duplex_curriculum,1,822,0.140625,0.140625,10.75,3.9375,3.0,3.8125
0,0,duplex_curriculum,1,823,0.296875,0.296875,10.609375,3.796875,2.84375,3.96875
0,0,duplex_curriculum,1,824,0.171875,0.171875,10.796875,3.828125,2.96875,4.0
0,0,duplex_curriculum,1,825,0.1875,0.1875,10.5625,3.8125,2.890625,3.859375
0,0,duplex_curriculum,1,826,0.140625,0.140625,10.734375,3.8125,2.96875,3.953125
0,0,duplex_curriculum,1,827,0.15625,0.15625,10.6875,3.8125,2.921875,3.953125
0,0,duplex_curriculum,1,828,0.140625,0.140625,10.671875,3.921875,2.859375,3.890625
0,0,duplex_curriculum,1,829,0.21875,0.21875,10.65625,3.84375,2.84375,3.96875
0,0,duplex_curriculum,1,830,0.15625,0.15625,10.796875,3.828125,2.96875,4.0
0,0,duplex_curriculum,1,831,0.15625,0.15625,10.640625,3.75,2.984375,3.90625
0,0,duplex_curriculum,1,832,0.109375,0.109375,10.625,3.859375,2.90625,3.859375
0,0,duplex_curriculum,1,833,0.125,0.125,10.53125,3.9375,2.9375,3.65625
0,0,duplex_curriculum,1,834,0.125,0.125,10.421875,3.59375,2.953125,3.875
0,0,duplex_curriculum,1,835,0.1875,0.1875,10.625,3.765625,2.953125,3.90625
0,0,duplex_curriculum,1,836,0.15625,0.15625,10.546875,3.859375,2.875,3.8125
0,0,duplex_curriculum,1,837,0.109375,0.109375,10.6875,3.9375,2.96875,3.78125
0,0,duplex_curriculum,1,838,0.109375,0.109375,10.65625,3.84375,2.984375,3.828125
0,0,duplex_curriculum,1,839,0.15625,0.15625,10.59375,3.84375,2.984375,3.765625
0,0,duplex_curriculum,1,840,0.109375,0.109375,10.484375,3.671875,2.9375,3.875
0,0,duplex_curriculum,1,841,0.125,0.125,10.71875,3.859375,2.9375,3.921875
0,0,duplex_curriculum,1,842,0.171875,0.171875,10.703125,3.71875,2.984375,4.0
0,0,duplex_curriculum,1,843,0.171875,0.171875,10.375,3.78125,2.828125,3.765625
0,0,duplex_curriculum,1,844,0.140625,0.140625,10.765625,3.890625,2.921875,3.953125
0,0,duplex_curriculum,1,845,0.1875,0.1875,10.390625,3.65625,2.921875,3.8125
0,0,duplex_curriculum,1,846,0.21875,0.21875,10.515625,3.78125,2.828125,3.90625
0,0,duplex_curriculum,1,847,0.171875,0.171875,10.65625,3.765625,3.0,3.890625
0,0,duplex_curriculum,1,848,0.140625,0.140625,10.578125,3.828125,2.765625,3.984375
0,0,duplex_curriculum,1,849,0.125,0.125,10.796875,3.921875,2.96875,3.90625
0,0,duplex_curriculum,1,850,0.1875,0.1875,10.625,3.890625,2.859375,3.875
0,0,duplex_curriculum,1,851,0.140625,0.140625,10.734375,3.90625,2.921875,3.90625
0,0,duplex_curriculum,1,852,0.171875,0.171875,10.59375,3.765625,2.890625,3.9375
0,0,duplex_curriculum,1,853,0.234375,0.234375,10.6875,3.84375,2.90625,3.9375
0,0,duplex_curriculum,1,854,0.140625,0.140625,10.5,3.75,2.875,3.875
0,0,duplex_curriculum,1,855,0.125,0.125,10.59375,3.78125,2.953125,3.859375
0,0,duplex_curriculum,1,856,0.140625,0.140625,10.734375,3.828125,2.96875,3.9375
0,0,duplex_curriculum,1,857,0.234375,0.234375,10.46875,3.71875,2.953125,3.796875
0,0,duplex_curriculum,1,858,0.125,0.125,10.53125,3.78125,2.859375,3.890625
0,0,duplex_curriculum,1,859,0.171875,0.171875,10.484375,3.78125,2.921875,3.78125
0,0,duplex_curriculum,1,860,0.1875,0.1875,10.265625,3.765625,2.875,3.625
0,0,duplex_curriculum,1,861,0.140625,0.140625,10.53125,3.78125,2.828125,3.921875
0,0,duplex_curriculum,1,862,0.15625,0.15625,10.515625,3.875,2.90625,3.734375
0,0,duplex_curriculum,1,863,0.1875,0.1875,10.65625,3.9375,2.875,3.84375
0,0,duplex_curriculum,1,864,0.15625,0.15625,10.703125,3.875,2.90625,3.921875
0,0,duplex_curriculum,1,865,0.109375,0.109375,10.78125,3.859375,2.96875,3.953125
0,0,duplex_curriculum,1,866,0.140625,0.140625,10.75,3.90625,2.921875,3.921875
0,0,duplex_curriculum,1,867,0.21875,0.21875,10.765625,3.828125,3.0,3.9375
0,0,duplex_curriculum,1,868,0.234375,0.234375,10.453125,3.734375,3.0,3.71875
0,0,duplex_curriculum,1,869,0.171875,0.171875,10.78125,3.890625,2.953125,3.9375
0,0,duplex_curriculum,1,870,0.109375,0.109375,10.6875,3.9375,2.890625,3.859375
0,0,duplex_curriculum,1,871,0.171875,0.171875,10.671875,3.921875,2.90625,3.84375
0,0,duplex_curriculum,1,872,0.21875,0.21875,10.8125,3.859375,2.96875,3.984375
0,0,duplex_curriculum,1,873,0.171875,0.171875,10.484375,3.703125,2.96875,3.8125
0,0,duplex_curriculum,1,874,0.046875,0.046875,10.546875,3.890625,2.875,3.78125
0,0,duplex_curriculum,1,875,0.25,0.25,10.734375,3.90625,2.953125,3.875
0,0,duplex_curriculum,1,876,0.15625,0.15625,10.546875,3.78125,2.96875,3.796875
0,0,duplex_curriculum,1,877,0.234375,0.234375,10.765625,3.921875,2.953125,3.890625
0,0,duplex_curriculum,1,878,0.21875,0.21875,10.609375,3.921875,2.859375,3.828125
0,0,duplex_curriculum,1,879,0.15625,0.15625,10.453125,3.71875,2.84375,3.890625
0,0,duplex_curriculum,1,880,0.140625,0.140625,10.546875,3.828125,2.90625,3.8125
0,0,duplex_curriculum,1,881,0.09375,0.09375,10.859375,3.875,2.984375,4.0
0,0,duplex_curriculum,1,882,0.125,0.125,10.421875,3.765625,2.96875,3.6875
0,0,duplex_curriculum,1,883,0.1875,0.1875,10.796875,3.96875,2.90625,3.921875
0,0,duplex_curriculum,1,884,0.078125,0.078125,10.5,3.765625,2.828125,3.90625
0,0,duplex_curriculum,1,885,0.203125,0.203125,10.5,3.734375,2.890625,3.875
0,0,duplex_curriculum,1,886,0.140625,0.140625,10.625,3.796875,2.921875,3.90625
0,0,duplex_curriculum,1,887,0.109375,0.109375,10.703125,3.8125,2.984375,3.90625
0,0,duplex_curriculum,1,888,0.140625,0.140625,10.53125,3.921875,2.875,3.734375
0,0,duplex_curriculum,1,889,0.21875,0.21875,10.875,4.0,3.0,3.875
0,0,duplex_curriculum,1,890,0.171875,0.171875,10.609375,3.828125,2.84375,3.9375
0,0,duplex_curriculum,1,891,0.15625,0.15625,10.5625,3.84375,2.890625,3.828125
0,0,duplex_curriculum,1,892,0.234375,0.234375,10.5625,3.875,2.859375,3.828125
0,0,duplex_curriculum,1,893,0.15625,0.15625,10.671875,3.875,2.890625,3.90625
0,0,duplex_curriculum,1,894,0.203125,0.203125,10.828125,3.9375,2.9375,3.953125
0,0,duplex_curriculum,1,895,0.1875,0.1875,10.640625,3.859375,2.875,3.90625
0,0,duplex_curriculum,1,896,0.1875,0.1875,10.640625,3.796875,2.953125,3.890625
0,0,duplex_curriculum,1,897,0.15625,0.15625,10.609375,3.890625,2.890625,3.828125
0,0,duplex_curriculum,1,898,0.171875,0.171875,10.453125,3.75,2.84375,3.859375
0,0,duplex_curriculum,1,899,0.265625,0.265625,10.703125,3.78125,2.953125,3.96875
0,0,duplex_curriculum,1,900,0.15625,0.15625,10.546875,3.828125,2.859375,3.859375
0,0,duplex_curriculum,1,901,0.15625,0.15625,10.84375,3.9375,3.0,3.90625
0,0,duplex_curriculum,1,902,0.125,0.125,10.390625,3.6875,2.890625,3.8125
0,0,duplex_curriculum,1,903,0.0625,0.0625,10.765625,3.890625,2.921875,3.953125
0,0,duplex_curriculum,1,904,0.125,0.125,10.703125,3.828125,2.90625,3.96875
0,0,duplex_curriculum,1,905,0.171875,0.171875,10.796875,3.90625,2.90625,3.984375
0,0,duplex_curriculum,1,906,0.140625,0.140625,10.6875,3.859375,2.90625,3.921875
0,0,duplex_curriculum,1,907,0.109375,0.109375,10.453125,3.734375,2.828125,3.890625
0,0,duplex_curriculum,1,908,0.15625,0.15625,10.625,3.8125,2.9375,3.875
0,0,duplex_curriculum,1,909,0.21875,0.21875,10.578125,3.875,2.890625,3.8125
0,0,duplex_curriculum,1,910,0.109375,0.109375,10.609375,3.859375,2.828125,3.921875
0,0,duplex_curriculum,1,911,0.15625,0.15625,10.59375,3.9375,2.921875,3.734375
0,0,duplex_curriculum,1,912,0.171875,0.171875,10.765625,3.875,3.0,3.890625
0,0,duplex_curriculum,1,913,0.078125,0.078125,10.546875,3.84375,2.890625,3.8125
0,0,duplex_curriculum,1,914,0.203125,0.203125,10.796875,3.90625,2.9375,3.953125
0,0,duplex_curriculum,1,915,0.234375,0.234375,10.515625,3.796875,2.859375,3.859375
0,0,duplex_curriculum,1,916,0.1875,0.1875,10.671875,3.75,2.953125,3.96875
0,0,duplex_curriculum,1,917,0.125,0.125,10.515625,3.875,2.921875,3.71875
0,0,duplex_curriculum,1,918,0.203125,0.203125,10.34375,3.78125,2.9375,3.625
0,0,duplex_curriculum,1,919,0.15625,0.15625,10.640625,3.90625,2.875,3.859375
0,0,duplex_curriculum,1,920,0.15625,0.15625,10.8125,3.953125,2.96875,3.890625
0,0,duplex_curriculum,1,921,0.125,0.125,10.578125,3.84375,2.953125,3.78125
0,0,duplex_curriculum,1,922,0.265625,0.265625,10.65625,3.828125,2.953125,3.875
0,0,duplex_curriculum,1,923,0.109375,0.109375,10.71875,3.84375,2.9375,3.9375
0,0,duplex_curriculum,1,924,0.171875,0.171875,10.46875,3.875,2.84375,3.75
0,0,duplex_curriculum,1,925,0.140625,0.140625,10.765625,3.96875,2.953125,3.84375
0,0,duplex_curriculum,1,926,0.09375,0.09375,10.609375,3.796875,2.921875,3.890625
0,0,duplex_curriculum,1,927,0.1875,0.1875,10.5,3.765625,2.890625,3.84375
0,0,duplex_curriculum,1,928,0.171875,0.171875,10.59375,3.84375,3.0,3.75
0,0,duplex_curriculum,1,929,0.109375,0.109375,10.59375,3.84375,2.90625,3.84375
0,0,duplex_curriculum,1,930,0.21875,0.21875,10.671875,3.828125,2.890625,3.953125
0,0,duplex_curriculum,1,931,0.171875,0.171875,10.75,3.875,2.96875,3.90625
0,0,duplex_curriculum,1,932,0.25,0.25,10.625,3.78125,2.890625,3.953125
0,0,duplex_curriculum,1,933,0.1875,0.1875,10.515625,3.859375,2.953125,3.703125
0,0,duplex_curriculum,1,934,0.140625,0.140625,10.734375,3.9375,2.984375,3.8125
0,0,duplex_curriculum,1,935,0.203125,0.203125,10.59375,3.78125,2.875,3.9375
0,0,duplex_curriculum,1,936,0.109375,0.109375,10.59375,3.84375,2.84375,3.90625
0,0,duplex_curriculum,1,937,0.125,0.125,10.859375,3.984375,2.921875,3.953125
0,0,duplex_curriculum,1,938,0.234375,0.234375,10.59375,3.9375,2.8125,3.84375
0,0,duplex_curriculum,1,939,0.203125,0.203125,10.53125,3.71875,2.921875,3.890625
0,0,duplex_curriculum,1,940,0.25,0.25,10.765625,3.8125,2.96875,3.984375
0,0,duplex_curriculum,1,941,0.1875,0.1875,10.609375,3.8125,2.921875,3.875
0,0,duplex_curriculum,1,942,0.078125,0.078125,10.5625,3.859375,2.921875,3.78125
0,0,duplex_curriculum,1,943,0.15625,0.15625,10.625,3.9375,2.8125,3.875
0,0,duplex_curriculum,1,944,0.171875,0.171875,10.625,3.96875,2.90625,3.75
0,0,duplex_curriculum,1,945,0.140625,0.140625,10.6875,3.96875,2.890625,3.828125
0,0,duplex_curriculum,1,946,0.171875,0.171875,10.65625,3.890625,2.875,3.890625
0,0,duplex_curriculum,1,947,0.109375,0.109375,10.578125,3.9375,2.796875,3.84375
0,0,duplex_curriculum,1,948,0.1875,0.1875,10.640625,3.890625,2.96875,3.78125
0,0,duplex_curriculum,1,949,0.140625,0.140625,10.6875,3.828125,2.9375,3.921875
0,0,duplex_curriculum,1,950,0.21875,0.21875,10.65625,3.859375,2.921875,3.875
0,0,duplex_curriculum,1,951,0.203125,0.203125,10.765625,3.84375,2.984375,3.9375
0,0,duplex_curriculum,1,952,0.203125,0.203125,10.78125,3.875,2.953125,3.953125
0,0,duplex_curriculum,1,953,0.15625,0.15625,10.671875,3.796875,2.9375,3.9375
0,0,duplex_curriculum,1,954,0.140625,0.140625,10.609375,3.921875,2.921875,3.765625
0,0,duplex_curriculum,1,955,0.21875,0.21875,10.59375,3.8125,2.875,3.90625
0,0,duplex_curriculum,1,956,0.25,0.25,10.546875,3.6875,2.921875,3.9375
0,0,duplex_curriculum,1,957,0.21875,0.21875,10.671875,3.9375,2.9375,3.796875
0,0,duplex_curriculum,1,958,0.140625,0.140625,10.625,3.84375,2.984375,3.796875
0,0,duplex_curriculum,1,959,0.140625,0.140625,10.484375,3.8125,2.84375,3.828125
0,0,duplex_curriculum,1,960,0.109375,0.109375,10.296875,3.640625,2.84375,3.8125
0,0,duplex_curriculum,1,961,0.28125,0.28125,10.359375,3.6875,2.96875,3.703125
0,0,duplex_curriculum,1,962,0.171875,0.171875,10.59375,3.8125,2.9375,3.84375
0,0,duplex_curriculum,1,963,0.171875,0.171875,10.6875,3.921875,3.0,3.765625
0,0,duplex_curriculum,1,964,0.140625,0.140625,10.703125,3.875,2.875,3.953125
0,0,duplex_curriculum,1,965,0.09375,0.09375,10.625,3.875,2.8125,3.9375
0,0,duplex_curriculum,1,966,0.171875,0.171875,10.65625,3.78125,2.953125,3.921875
0,0,duplex_curriculum,1,967,0.21875,0.21875,10.59375,3.859375,2.921875,3.8125
0,0,duplex_curriculum,1,968,0.125,0.125,10.765625,3.875,2.90625,3.984375
0,0,duplex_curriculum,1,969,0.15625,0.15625,10.5,3.765625,2.765625,3.96875
0,0,duplex_curriculum,1,970,0.140625,0.140625,10.765625,3.9375,2.921875,3.90625
0,0,duplex_curriculum,1,971,0.140625,0.140625,10.5,3.84375,2.859375,3.796875
0,0,duplex_curriculum,1,972,0.15625,0.15625,10.59375,3.890625,2.859375,3.84375
0,0,duplex_curriculum,1,973,0.15625,0.15625,10.640625,3.828125,2.90625,3.90625
0,0,duplex_curriculum,1,974,0.1875,0.1875,10.484375,3.8125,2.828125,3.84375
0,0,duplex_curriculum,1,975,0.15625,0.15625,10.53125,3.8125,2.953125,3.765625
0,0,duplex_curriculum,1,976,0.1875,0.1875,10.375,3.671875,2.90625,3.796875
0,0,duplex_curriculum,1,977,0.21875,0.21875,10.703125,3.90625,2.875,3.921875
0,0,duplex_curriculum,1,978,0.09375,0.09375,10.46875,3.734375,2.875,3.859375
0,0,duplex_curriculum,1,979,0.125,0.125,10.625,3.859375,2.953125,3.8125
0,0,duplex_curriculum,1,980,0.125,0.125,10.8125,3.875,2.96875,3.96875
0,0,duplex_curriculum,1,981,0.15625,0.15625,10.734375,3.828125,2.96875,3.9375
0,0,duplex_curriculum,1,982,0.125,0.125,10.734375,3.9375,2.90625,3.890625
0,0,duplex_curriculum,1,983,0.140625,0.140625,10.53125,3.84375,3.0,3.6875
0,0,duplex_curriculum,1,984,0.171875,0.171875,10.640625,3.890625,2.921875,3.828125
0,0,duplex_curriculum,1,985,0.078125,0.078125,10.78125,3.921875,2.921875,3.9375
0,0,duplex_curriculum,1,986,0.09375,0.09375,10.46875,3.796875,2.8125,3.859375
0,0,duplex_curriculum,1,987,0.234375,0.234375,10.640625,3.765625,3.0,3.875
0,0,duplex_curriculum,1,988,0.21875,0.21875,10.6875,3.8125,3.0,3.875
0,0,duplex_curriculum,1,989,0.140625,0.140625,10.71875,3.921875,2.96875,3.828125
0,0,duplex_curriculum,1,990,0.171875,0.171875,10.625,3.734375,2.96875,3.921875
0,0,duplex_curriculum,1,991,0.1875,0.1875,10.78125,3.9375,2.875,3.96875
0,0,duplex_curriculum,1,992,0.171875,0.171875,10.5625,3.875,2.9375,3.75
0,0,duplex_curriculum,1,993,0.21875,0.21875,10.484375,3.84375,2.890625,3.75
0,0,duplex_curriculum,1,994,0.171875,0.171875,10.625,3.78125,2.9375,3.90625
0,0,duplex_curriculum,1,995,0.171875,0.171875,10.75,3.90625,2.921875,3.921875
0,0,duplex_curriculum,1,996,0.15625,0.15625,10.5,3.78125,2.953125,3.765625
0,0,duplex_curriculum,1,997,0.15625,0.15625,10.796875,3.9375,2.953125,3.90625
0,0,duplex_curriculum,1,998,0.15625,0.15625,10.28125,3.640625,2.953125,3.6875
0,0,duplex_curriculum,1,999,0.171875,0.171875,10.625,3.953125,2.90625,3.765625
0,0,duplex_curriculum,1,1000,0.203125,0.203125,10.453125,3.71875,2.953125,3.78125
0,0,duplex_curriculum,1,1001,0.109375,0.109375,10.734375,3.859375,2.953125,3.921875
0,0,duplex_curriculum,1,1002,0.140625,0.140625,10.625,3.90625,2.984375,3.734375
0,0,duplex_curriculum,1,1003,0.09375,0.09375,10.609375,3.84375,2.9375,3.828125
0,0,duplex_curriculum,1,1004,0.25,0.25,10.671875,3.875,2.984375,3.8125
0,0,duplex_curriculum,1,1005,0.234375,0.234375,10.703125,3.84375,2.953125,3.90625
0,0,duplex_curriculum,1,1006,0.171875,0.171875,10.53125,3.640625,2.984375,3.90625
0,0,duplex_curriculum,1,1007,0.203125,0.203125,10.5,3.765625,2.90625,3.828125
0,0,duplex_curriculum,1,1008,0.15625,0.15625,10.671875,3.8125,2.921875,3.9375
0,0,duplex_curriculum,1,1009,0.140625,0.140625,10.671875,3.875,2.953125,3.84375
0,0,duplex_curriculum,1,1010,0.1875,0.1875,10.4375,3.71875,2.953125,3.765625
0,0,duplex_curriculum,1,1011,0.21875,0.21875,10.671875,3.890625,2.953125,3.828125
0,0,duplex_curriculum,1,1012,0.171875,0.171875,10.640625,3.953125,2.84375,3.84375
0,0,duplex_curriculum,1,1013,0.140625,0.140625,10.53125,3.890625,2.890625,3.75
0,0,duplex_curriculum,1,1014,0.171875,0.171875,10.546875,3.6875,2.921875,3.9375
0,0,duplex_curriculum,1,1015,0.1875,0.1875,10.734375,3.859375,2.9375,3.9375
0,0,duplex_curriculum,1,1016,0.125,0.125,10.5,3.84375,2.875,3.78125
0,0,duplex_curriculum,1,1017,0.1875,0.1875,10.6875,3.921875,2.9375,3.828125
0,0,duplex_curriculum,1,1018,0.21875,0.21875,10.734375,3.890625,2.953125,3.890625
0,0,duplex_curriculum,1,1019,0.140625,0.140625,10.3125,3.84375,2.859375,3.609375
0,0,duplex_curriculum,1,1020,0.140625,0.140625,10.734375,3.875,2.90625,3.953125
0,0,duplex_curriculum,1,1021,0.171875,0.171875,10.6875,3.84375,3.0,3.84375
0,0,duplex_curriculum,1,1022,0.140625,0.140625,10.640625,3.921875,2.890625,3.828125
0,0,duplex_curriculum,1,1023,0.28125,0.28125,10.6875,3.90625,2.90625,3.875
0,0,duplex_curriculum,1,1024,0.140625,0.140625,10.296875,3.78125,2.8125,3.703125
0,0,duplex_curriculum,1,1025,0.09375,0.09375,10.625,3.890625,2.953125,3.78125
0,0,duplex_curriculum,1,1026,0.171875,0.171875,10.546875,3.796875,2.84375,3.90625
0,0,duplex_curriculum,1,1027,0.15625,0.15625,10.53125,3.8125,2.875,3.84375
0,0,duplex_curriculum,1,1028,0.03125,0.03125,10.765625,3.984375,2.921875,3.859375
0,0,duplex_curriculum,1,1029,0.234375,0.234375,10.484375,3.78125,2.9375,3.765625
0,0,duplex_curriculum,1,1030,0.140625,0.140625,10.734375,3.921875,2.9375,3.875
0,0,duplex_curriculum,1,1031,0.171875,0.171875,10.71875,3.96875,2.90625,3.84375
0,0,duplex_curriculum,1,1032,0.09375,0.09375,10.71875,3.953125,2.90625,3.859375
0,0,duplex_curriculum,1,1033,0.171875,0.171875,10.65625,3.859375,2.875,3.921875
0,0,duplex_curriculum,1,1034,0.140625,0.140625,10.671875,3.890625,2.890625,3.890625
0,0,duplex_curriculum,1,1035,0.109375,0.109375,10.703125,3.984375,2.984375,3.734375
0,0,duplex_curriculum,1,1036,0.09375,0.09375,10.15625,3.65625,2.828125,3.671875
0,0,duplex_curriculum,1,1037,0.125,0.125,10.640625,3.796875,2.96875,3.875
0,0,duplex_curriculum,1,1038,0.1875,0.1875,10.796875,3.984375,2.96875,3.84375
0,0,duplex_curriculum,1,1039,0.234375,0.234375,10.71875,3.96875,2.9375,3.8125
0,0,duplex_curriculum,1,1040,0.171875,0.171875,10.4375,3.90625,2.84375,3.6875
0,0,duplex_curriculum,1,1041,0.234375,0.234375,10.640625,3.984375,2.875,3.78125
0,0,duplex_curriculum,1,1042,0.15625,0.15625,10.65625,3.890625,2.890625,3.875
0,0,duplex_curriculum,1,1043,0.21875,0.21875,10.640625,3.875,2.890625,3.875
0,0,duplex_curriculum,1,1044,0.203125,0.203125,10.546875,3.8125,2.859375,3.875
0,0,duplex_curriculum,1,1045,0.25,0.25,10.5,3.8125,2.84375,3.84375
0,0,duplex_curriculum,1,1046,0.203125,0.203125,10.609375,3.8125,2.921875,3.875
0,0,duplex_curriculum,1,1047,0.140625,0.140625,10.59375,3.796875,2.96875,3.828125
0,0,duplex_curriculum,1,1048,0.1875,0.1875,10.65625,3.859375,2.859375,3.9375
0,0,duplex_curriculum,1,1049,0.15625,0.15625,10.53125,3.8125,2.828125,3.890625
0,0,duplex_curriculum,1,1050,0.078125,0.078125,10.421875,3.8125,2.828125,3.78125
0,0,duplex_curriculum,1,1051,0.171875,0.171875,10.75,3.84375,2.90625,4.0
0,0,duplex_curriculum,1,1052,0.125,0.125,10.703125,3.859375,2.953125,3.890625
0,0,duplex_curriculum,1,1053,0.1875,0.1875,10.53125,3.796875,2.90625,3.828125
0,0,duplex_curriculum,1,1054,0.171875,0.171875,10.5625,3.921875,2.90625,3.734375
0,0,duplex_curriculum,1,1055,0.15625,0.15625,10.65625,3.875,2.953125,3.828125
0,0,duplex_curriculum,1,1056,0.125,0.125,10.53125,3.765625,2.859375,3.90625
0,0,duplex_curriculum,1,1057,0.046875,0.046875,10.234375,3.625,2.90625,3.703125
0,0,duplex_curriculum,1,1058,0.1875,0.1875,10.484375,3.65625,2.9375,3.890625
0,0,duplex_curriculum,1,1059,0.171875,0.171875,10.6875,3.9375,2.96875,3.78125
0,0,duplex_curriculum,1,1060,0.140625,0.140625,10.484375,3.828125,2.96875,3.6875
0,0,duplex_curriculum,1,1061,0.21875,0.21875,10.421875,3.734375,2.9375,3.75
0,0,duplex_curriculum,1,1062,0.171875,0.171875,10.6875,3.953125,2.9375,3.796875
0,0,duplex_curriculum,1,1063,0.140625,0.140625,10.546875,3.921875,2.953125,3.671875
0,0,duplex_curriculum,1,1064,0.109375,0.109375,10.609375,3.78125,2.90625,3.921875
0,0,duplex_curriculum,1,1065,0.15625,0.15625,10.515625,3.9375,2.765625,3.8125
0,0,duplex_curriculum,1,1066,0.234375,0.234375,10.640625,3.96875,2.9375,3.734375
0,0,duplex_curriculum,1,1067,0.171875,0.171875,10.484375,3.875,2.875,3.734375
0,0,duplex_curriculum,1,1068,0.21875,0.21875,10.671875,3.828125,2.921875,3.921875
0,0,duplex_curriculum,1,1069,0.1875,0.1875,10.515625,3.859375,2.90625,3.75
0,0,duplex_curriculum,1,1070,0.15625,0.15625,10.65625,3.859375,2.921875,3.875
0,0,duplex_curriculum,1,1071,0.171875,0.171875,10.4375,3.8125,2.953125,3.671875
0,0,duplex_curriculum,1,1072,0.265625,0.265625,10.765625,3.921875,2.96875,3.875
0,0,duplex_curriculum,1,1073,0.1875,0.1875,10.71875,3.859375,2.90625,3.953125
0,0,duplex_curriculum,1,1074,0.1875,0.1875,10.5625,3.859375,2.8125,3.890625
0,0,duplex_curriculum,1,1075,0.15625,0.15625,10.65625,3.84375,2.96875,3.84375
0,0,duplex_curriculum,1,1076,0.140625,0.140625,10.21875,3.625,2.859375,3.734375
0,0,duplex_curriculum,1,1077,0.125,0.125,10.484375,3.84375,2.90625,3.734375
0,0,duplex_curriculum,1,1078,0.140625,0.140625,10.515625,3.859375,2.84375,3.8125
0,0,duplex_curriculum,1,1079,0.1875,0.1875,10.328125,3.828125,2.875,3.625
0,0,duplex_curriculum,1,1080,0.15625,0.15625,10.484375,3.828125,2.890625,3.765625
0,0,duplex_curriculum,1,1081,0.125,0.125,10.453125,3.640625,2.953125,3.859375
0,0,duplex_curriculum,1,1082,0.140625,0.140625,10.546875,3.90625,2.828125,3.8125
0,0,duplex_curriculum,1,1083,0.125,0.125,10.5625,3.9375,2.875,3.75
0,0,duplex_curriculum,1,1084,0.21875,0.21875,10.515625,3.671875,2.90625,3.9375
0,0,duplex_curriculum,1,1085,0.171875,0.171875,10.328125,3.765625,2.84375,3.71875
0,0,duplex_curriculum,1,1086,0.203125,0.203125,10.765625,4.0,2.921875,3.84375
0,0,duplex_curriculum,1,1087,0.140625,0.140625,10.609375,3.859375,2.875,3.875
0,0,duplex_curriculum,1,1088,0.09375,0.09375,10.3125,3.6875,2.84375,3.78125
0,0,duplex_curriculum,1,1089,0.1875,0.1875,10.453125,3.828125,2.953125,3.671875
0,0,duplex_curriculum,1,1090,0.15625,0.15625,10.625,3.90625,2.875,3.84375
0,0,duplex_curriculum,1,1091,0.140625,0.140625,10.5,3.828125,2.953125,3.71875
0,0,duplex_curriculum,1,1092,0.109375,0.109375,10.53125,3.84375,2.890625,3.796875
0,0,duplex_curriculum,1,1093,0.203125,0.203125,10.390625,3.828125,2.875,3.6875
0,0,duplex_curriculum,1,1094,0.21875,0.21875,10.328125,3.71875,2.875,3.734375
0,0,duplex_curriculum,1,1095,0.203125,0.203125,10.4375,3.828125,2.9375,3.671875
0,0,duplex_curriculum,1,1096,0.203125,0.203125,10.46875,3.78125,2.8125,3.875
0,0,duplex_curriculum,1,1097,0.15625,0.15625,10.765625,3.84375,3.0,3.921875
0,0,duplex_curriculum,1,1098,0.21875,0.21875,10.75,3.96875,2.96875,3.8125
0,0,duplex_curriculum,1,1099,0.09375,0.09375,10.640625,3.890625,2.875,3.875
0,0,duplex_curriculum,1,1100,0.09375,0.09375,10.71875,3.859375,2.984375,3.875
0,0,duplex_curriculum,1,1101,0.140625,0.140625,10.59375,3.96875,2.90625,3.71875
0,0,duplex_curriculum,1,1102,0.109375,0.109375,10.515625,3.8125,2.765625,3.9375
0,0,duplex_curriculum,1,1103,0.171875,0.171875,10.609375,3.953125,2.875,3.78125
0,0,duplex_curriculum,1,1104,0.171875,0.171875,10.3125,3.8125,2.828125,3.671875
0,0,duplex_curriculum,1,1105,0.25,0.25,10.65625,3.90625,2.90625,3.84375
0,0,duplex_curriculum,1,1106,0.140625,0.140625,10.4375,3.796875,2.828125,3.8125
0,0,duplex_curriculum,1,1107,0.078125,0.078125,10.4375,3.640625,2.890625,3.90625
0,0,duplex_curriculum,1,1108,0.171875,0.171875,10.515625,3.890625,2.875,3.75
0,0,duplex_curriculum,1,1109,0.15625,0.15625,10.625,4.0,2.90625,3.71875
0,0,duplex_curriculum,1,1110,0.1875,0.1875,10.34375,3.71875,2.859375,3.765625
0,0,duplex_curriculum,1,1111,0.1875,0.1875,10.234375,3.59375,2.78125,3.859375
0,0,duplex_curriculum,1,1112,0.234375,0.234375,10.625,3.875,2.90625,3.84375
0,0,duplex_curriculum,1,1113,0.171875,0.171875,10.640625,3.90625,2.90625,3.828125
0,0,duplex_curriculum,1,1114,0.171875,0.171875,10.421875,3.875,2.90625,3.640625
0,0,duplex_curriculum,1,1115,0.203125,0.203125,10.53125,3.890625,2.9375,3.703125
0,0,duplex_curriculum,1,1116,0.109375,0.109375,10.515625,3.734375,2.921875,3.859375
0,0,duplex_curriculum,1,1117,0.234375,0.234375,10.578125,3.890625,2.796875,3.890625
0,0,duplex_curriculum,1,1118,0.140625,0.140625,10.5,3.78125,2.9375,3.78125
0,0,duplex_curriculum,1,1119,0.09375,0.09375,10.40625,3.890625,2.859375,3.65625
0,0,duplex_curriculum,1,1120,0.140625,0.140625,10.671875,3.9375,2.890625,3.84375
0,0,duplex_curriculum,1,1121,0.171875,0.171875,10.640625,3.828125,2.9375,3.875
0,0,duplex_curriculum,1,1122,0.21875,0.21875,10.578125,3.875,2.875,3.828125
0,0,duplex_curriculum,1,1123,0.21875,0.21875,10.6875,3.921875,2.953125,3.8125
0,0,duplex_curriculum,1,1124,0.125,0.125,10.59375,3.9375,2.84375,3.8125
0,0,duplex_curriculum,1,1125,0.265625,0.265625,10.28125,3.59375,2.875,3.8125
0,0,duplex_curriculum,1,1126,0.15625,0.15625,10.375,3.953125,2.9375,3.484375
0,0,duplex_curriculum,1,1127,0.171875,0.171875,10.609375,3.90625,2.859375,3.84375
0,0,duplex_curriculum,1,1128,0.15625,0.15625,10.609375,3.875,2.953125,3.78125
0,0,duplex_curriculum,1,1129,0.171875,0.171875,10.671875,3.828125,2.9375,3.90625
0,0,duplex_curriculum,1,1130,0.171875,0.171875,10.671875,3.921875,2.859375,3.890625
0,0,duplex_curriculum,1,1131,0.109375,0.109375,10.5625,3.84375,2.875,3.84375
0,0,duplex_curriculum,1,1132,0.21875,0.21875,10.4375,3.921875,2.828125,3.6875
0,0,duplex_curriculum,1,1133,0.1875,0.1875,10.703125,3.921875,2.953125,3.828125
0,0,duplex_curriculum,1,1134,0.078125,0.078125,10.4375,3.828125,2.90625,3.703125
0,0,duplex_curriculum,1,1135,0.1875,0.1875,10.3125,3.703125,2.78125,3.828125
0,0,duplex_curriculum,1,1136,0.15625,0.15625,10.546875,3.859375,2.8125,3.875
0,0,duplex_curriculum,1,1137,0.171875,0.171875,10.484375,3.703125,2.921875,3.859375
0,0,duplex_curriculum,1,1138,0.1875,0.1875,10.5625,3.78125,2.96875,3.8125
0,0,duplex_curriculum,1,1139,0.265625,0.265625,10.78125,3.84375,3.0,3.9375
0,0,duplex_curriculum,1,1140,0.171875,0.171875,10.6875,3.859375,2.96875,3.859375
0,0,duplex_curriculum,1,1141,0.21875,0.21875,10.734375,3.921875,2.953125,3.859375
0,0,duplex_curriculum,1,1142,0.171875,0.171875,10.390625,3.75,2.953125,3.6875
0,0,duplex_curriculum,1,1143,0.203125,0.203125,10.609375,3.84375,2.890625,3.875
